SiteNumber,IslandCode,IslandName,SiteCode,SiteName,SurveyYear,ReserveStatus,Reference,shannon,Date,simpson,ReserveYear
1,SM,San Miguel Island,WL,Wyckoff Ledge,1985,Outside,FALSE,2.0167644937400633,1985-07-01,0.820158646559265,Outside
1,SM,San Miguel Island,WL,Wyckoff Ledge,1986,Outside,FALSE,1.7294906469108147,1986-07-01,0.8157921018013906,Outside
1,SM,San Miguel Island,WL,Wyckoff Ledge,1987,Outside,FALSE,1.9319177462711565,1987-07-01,0.8239104179517114,Outside
1,SM,San Miguel Island,WL,Wyckoff Ledge,1988,Outside,FALSE,1.99229999936166,1988-07-01,0.8467107489405997,Outside
1,SM,San Miguel Island,WL,Wyckoff Ledge,1989,Outside,FALSE,1.991348541991818,1989-07-01,0.8364743798287011,Outside
1,SM,San Miguel Island,WL,Wyckoff Ledge,1990,Outside,FALSE,1.837038800748106,1990-07-01,0.8092929161801893,Outside
1,SM,San Miguel Island,WL,Wyckoff Ledge,1991,Outside,FALSE,2.078949348040617,1991-07-01,0.8429989725468138,Outside
1,SM,San Miguel Island,WL,Wyckoff Ledge,1992,Outside,FALSE,1.771811474189425,1992-07-01,0.8611872484272338,Outside
1,SM,San Miguel Island,WL,Wyckoff Ledge,1993,Outside,FALSE,1.9029019499606121,1993-07-01,0.8795504415481614,Outside
1,SM,San Miguel Island,WL,Wyckoff Ledge,1994,Outside,FALSE,2.0541026871101065,1994-07-01,0.869221676398795,Outside
1,SM,San Miguel Island,WL,Wyckoff Ledge,1995,Outside,FALSE,2.092919055694554,1995-07-01,0.8807389830225512,Outside
1,SM,San Miguel Island,WL,Wyckoff Ledge,1996,Outside,FALSE,1.7358453819566533,1996-07-01,0.8845072049451377,Outside
1,SM,San Miguel Island,WL,Wyckoff Ledge,1997,Outside,FALSE,1.9509639711503046,1997-07-01,0.8846255498100801,Outside
1,SM,San Miguel Island,WL,Wyckoff Ledge,1998,Outside,FALSE,2.023713249264426,1998-07-01,0.8866603699703726,Outside
1,SM,San Miguel Island,WL,Wyckoff Ledge,1999,Outside,FALSE,2.0145723013137147,1999-07-01,0.8758306509008728,Outside
1,SM,San Miguel Island,WL,Wyckoff Ledge,2000,Outside,FALSE,1.5600847895908183,2000-07-01,0.8874236543386733,Outside
1,SM,San Miguel Island,WL,Wyckoff Ledge,2001,Outside,FALSE,1.6349830111661092,2001-07-01,0.8750100098148826,Outside
1,SM,San Miguel Island,WL,Wyckoff Ledge,2002,Outside,FALSE,1.5621765320931966,2002-07-01,0.8734895446599652,Outside
1,SM,San Miguel Island,WL,Wyckoff Ledge,2003,Outside,FALSE,1.5453703733024329,2003-07-01,0.8830204285369662,Outside
1,SM,San Miguel Island,WL,Wyckoff Ledge,2004,Outside,FALSE,1.7570152600723854,2004-07-01,0.8609119810049186,Outside
1,SM,San Miguel Island,WL,Wyckoff Ledge,2005,Outside,FALSE,2.0632077178176655,2005-07-01,0.8657821128869346,Outside
1,SM,San Miguel Island,WL,Wyckoff Ledge,2006,Outside,FALSE,2.212651355442329,2006-07-01,0.8580983076676725,Outside
1,SM,San Miguel Island,WL,Wyckoff Ledge,2007,Outside,FALSE,2.3104024232955105,2007-07-01,0.8750293080570348,Outside
1,SM,San Miguel Island,WL,Wyckoff Ledge,2008,Outside,FALSE,2.045214073529491,2008-07-01,0.8553282933594539,Outside
1,SM,San Miguel Island,WL,Wyckoff Ledge,2009,Outside,FALSE,2.3145616357350702,2009-07-01,0.886442667518284,Outside
1,SM,San Miguel Island,WL,Wyckoff Ledge,2010,Outside,FALSE,2.0097746453836685,2010-07-01,0.8899442683722292,Outside
1,SM,San Miguel Island,WL,Wyckoff Ledge,2011,Outside,FALSE,2.2389914079153925,2011-07-01,0.8871323841447607,Outside
1,SM,San Miguel Island,WL,Wyckoff Ledge,2012,Outside,FALSE,2.0741775058521417,2012-07-01,0.890782760607531,Outside
1,SM,San Miguel Island,WL,Wyckoff Ledge,2013,Outside,FALSE,2.3339779723314025,2013-07-01,0.8713733118846558,Outside
1,SM,San Miguel Island,WL,Wyckoff Ledge,2014,Outside,FALSE,1.9878579157176153,2014-07-01,0.8359746584089156,Outside
1,SM,San Miguel Island,WL,Wyckoff Ledge,2015,Outside,FALSE,2.5084060771176895,2015-07-01,0.8593703452195592,Outside
1,SM,San Miguel Island,WL,Wyckoff Ledge,2016,Outside,FALSE,1.8640053891521036,2016-07-01,0.8317162436721761,Outside
1,SM,San Miguel Island,WL,Wyckoff Ledge,2017,Outside,FALSE,2.5463414456845297,2017-07-01,0.8633979617628051,Outside
1,SM,San Miguel Island,WL,Wyckoff Ledge,2018,Outside,FALSE,1.2142196035153168,2018-07-01,0.8198761423765901,Outside
1,SM,San Miguel Island,WL,Wyckoff Ledge,2019,Outside,FALSE,1.0658431773455848,2019-07-01,0.7728483199353082,Outside
1,SM,San Miguel Island,WL,Wyckoff Ledge,1983,Outside,FALSE,1.7809919903532696,1983-07-01,0.7759122959639202,Outside
1,SM,San Miguel Island,WL,Wyckoff Ledge,1984,Outside,FALSE,1.9929287194499616,1984-07-01,0.7546572176431277,Outside
1,SM,San Miguel Island,WL,Wyckoff Ledge,1982,Outside,FALSE,1.1763944634163561,1982-07-01,0.7529795918367347,Outside
2,SM,San Miguel Island,HR,Hare Rock,1985,Inside,FALSE,1.0404026304756175,1985-07-01,0.7261147257752983,2003
2,SM,San Miguel Island,HR,Hare Rock,1986,Inside,FALSE,0.8680393585724346,1986-07-01,0.7940013587713144,2003
2,SM,San Miguel Island,HR,Hare Rock,1987,Inside,FALSE,1.1503098497799444,1987-07-01,0.7674615507044347,2003
2,SM,San Miguel Island,HR,Hare Rock,1988,Inside,FALSE,1.4044738271648778,1988-07-01,0.7979046267925164,2003
2,SM,San Miguel Island,HR,Hare Rock,1989,Inside,FALSE,1.2774439465558318,1989-07-01,0.7864539089286487,2003
2,SM,San Miguel Island,HR,Hare Rock,1990,Inside,FALSE,1.2432835889303908,1990-07-01,0.8533993895881662,2003
2,SM,San Miguel Island,HR,Hare Rock,1991,Inside,FALSE,1.3054356575269352,1991-07-01,0.769189792319044,2003
2,SM,San Miguel Island,HR,Hare Rock,1992,Inside,FALSE,1.1106291922288465,1992-07-01,0.7980930034189799,2003
2,SM,San Miguel Island,HR,Hare Rock,1993,Inside,FALSE,1.2775734843027962,1993-07-01,0.817157438016529,2003
2,SM,San Miguel Island,HR,Hare Rock,1994,Inside,FALSE,1.2795486027576768,1994-07-01,0.787526671548249,2003
2,SM,San Miguel Island,HR,Hare Rock,1995,Inside,FALSE,1.0359268317803056,1995-07-01,0.7724227404359092,2003
2,SM,San Miguel Island,HR,Hare Rock,1996,Inside,FALSE,1.0546822276778771,1996-07-01,0.7690124977099847,2003
2,SM,San Miguel Island,HR,Hare Rock,1997,Inside,FALSE,0.8600447452325352,1997-07-01,0.7426142929597874,2003
2,SM,San Miguel Island,HR,Hare Rock,1998,Inside,FALSE,0.9651483056180103,1998-07-01,0.7609700395782948,2003
2,SM,San Miguel Island,HR,Hare Rock,1999,Inside,FALSE,0.7912867349685869,1999-07-01,0.7879765874332838,2003
2,SM,San Miguel Island,HR,Hare Rock,2000,Inside,FALSE,0.9053759692403403,2000-07-01,0.7837181712105268,2003
2,SM,San Miguel Island,HR,Hare Rock,2001,Inside,FALSE,1.1745105200719925,2001-07-01,0.7981582716002249,2003
2,SM,San Miguel Island,HR,Hare Rock,2002,Inside,FALSE,1.1981959214863152,2002-07-01,0.8124637419681273,2003
2,SM,San Miguel Island,HR,Hare Rock,2003,Inside,FALSE,1.5423201110078768,2003-07-01,0.8543681791716016,2003
2,SM,San Miguel Island,HR,Hare Rock,2004,Inside,FALSE,1.6488704492857726,2004-07-01,0.8423401001237569,2003
2,SM,San Miguel Island,HR,Hare Rock,2005,Inside,FALSE,1.386693087650699,2005-07-01,0.823767946612978,2003
2,SM,San Miguel Island,HR,Hare Rock,2006,Inside,FALSE,1.0151822324991293,2006-07-01,0.8495760157120753,2003
2,SM,San Miguel Island,HR,Hare Rock,2007,Inside,FALSE,1.4895175973485548,2007-07-01,0.8221694178603716,2003
2,SM,San Miguel Island,HR,Hare Rock,2008,Inside,FALSE,1.0668037195409124,2008-07-01,0.7456859446106294,2003
2,SM,San Miguel Island,HR,Hare Rock,2009,Inside,FALSE,1.1635255949306003,2009-07-01,0.7544622897762572,2003
2,SM,San Miguel Island,HR,Hare Rock,2010,Inside,FALSE,1.1932408969408206,2010-07-01,0.7266956856582711,2003
2,SM,San Miguel Island,HR,Hare Rock,2011,Inside,FALSE,1.0621881399672009,2011-07-01,0.7773289559055097,2003
2,SM,San Miguel Island,HR,Hare Rock,2012,Inside,FALSE,1.3314538841692207,2012-07-01,0.7254741981456332,2003
2,SM,San Miguel Island,HR,Hare Rock,2013,Inside,FALSE,1.2754797950222507,2013-07-01,0.7336834728395606,2003
2,SM,San Miguel Island,HR,Hare Rock,2014,Inside,FALSE,1.0530679580608648,2014-07-01,0.7480409133079708,2003
2,SM,San Miguel Island,HR,Hare Rock,2015,Inside,FALSE,1.0329558653879245,2015-07-01,0.7403326025301293,2003
2,SM,San Miguel Island,HR,Hare Rock,2016,Inside,FALSE,0.8023527101262392,2016-07-01,0.7749412116737475,2003
2,SM,San Miguel Island,HR,Hare Rock,2017,Inside,FALSE,0.5888696521870483,2017-07-01,0.7850285634566326,2003
2,SM,San Miguel Island,HR,Hare Rock,2018,Inside,FALSE,0.435814765775597,2018-07-01,0.7577840189436147,2003
2,SM,San Miguel Island,HR,Hare Rock,2019,Inside,FALSE,0.5879454880810904,2019-07-01,0.7684777422210913,2003
2,SM,San Miguel Island,HR,Hare Rock,1983,Inside,FALSE,1.3875730708536362,1983-07-01,0.7608384659179132,2003
2,SM,San Miguel Island,HR,Hare Rock,1984,Inside,FALSE,1.0965101840146803,1984-07-01,0.7375767974929754,2003
2,SM,San Miguel Island,HR,Hare Rock,1982,Inside,FALSE,1.1966866315647247,1982-07-01,0.7844901129766542,2003
3,SR,Santa Rosa Island,JLNO,Johnson's Lee North,1985,Outside,TRUE,0.6193004968827843,1985-07-01,0.7686613444871202,Outside
3,SR,Santa Rosa Island,JLNO,Johnson's Lee North,1986,Outside,TRUE,0.4887508614186674,1986-07-01,0.774258458285275,Outside
3,SR,Santa Rosa Island,JLNO,Johnson's Lee North,1987,Outside,TRUE,0.5886907534453304,1987-07-01,0.7333456481056215,Outside
3,SR,Santa Rosa Island,JLNO,Johnson's Lee North,1988,Outside,TRUE,1.8560293938742352,1988-07-01,0.750506753669381,Outside
3,SR,Santa Rosa Island,JLNO,Johnson's Lee North,1989,Outside,TRUE,1.9467261285374686,1989-07-01,0.795191504233466,Outside
3,SR,Santa Rosa Island,JLNO,Johnson's Lee North,1990,Outside,TRUE,2.141148990305096,1990-07-01,0.8183720352851996,Outside
3,SR,Santa Rosa Island,JLNO,Johnson's Lee North,1991,Outside,TRUE,2.03099389559497,1991-07-01,0.8327512865936965,Outside
3,SR,Santa Rosa Island,JLNO,Johnson's Lee North,1992,Outside,TRUE,1.8394347420241488,1992-07-01,0.8249450312234241,Outside
3,SR,Santa Rosa Island,JLNO,Johnson's Lee North,1993,Outside,TRUE,1.8454607423367626,1993-07-01,0.8673329720805912,Outside
3,SR,Santa Rosa Island,JLNO,Johnson's Lee North,1994,Outside,TRUE,2.0875185751375054,1994-07-01,0.8612651222191838,Outside
3,SR,Santa Rosa Island,JLNO,Johnson's Lee North,1995,Outside,TRUE,2.1080462034183234,1995-07-01,0.8462161920189336,Outside
3,SR,Santa Rosa Island,JLNO,Johnson's Lee North,1996,Outside,TRUE,2.2594681520471442,1996-07-01,0.8561495375065926,Outside
3,SR,Santa Rosa Island,JLNO,Johnson's Lee North,1997,Outside,TRUE,2.2924329470271005,1997-07-01,0.8737471429775099,Outside
3,SR,Santa Rosa Island,JLNO,Johnson's Lee North,1998,Outside,TRUE,1.0494560937417772,1998-07-01,0.845563621809866,Outside
3,SR,Santa Rosa Island,JLNO,Johnson's Lee North,1999,Outside,TRUE,0.7882256587338718,1999-07-01,0.8167758335474276,Outside
3,SR,Santa Rosa Island,JLNO,Johnson's Lee North,2000,Outside,TRUE,0.4209824875147529,2000-07-01,0.7712483855949441,Outside
3,SR,Santa Rosa Island,JLNO,Johnson's Lee North,2001,Outside,TRUE,1.9434225875890976,2001-07-01,0.8542323663220257,Outside
3,SR,Santa Rosa Island,JLNO,Johnson's Lee North,2002,Outside,TRUE,1.8657737296508765,2002-07-01,0.8369435116782868,Outside
3,SR,Santa Rosa Island,JLNO,Johnson's Lee North,2003,Outside,TRUE,1.5994522359421035,2003-07-01,0.8128326014324411,Outside
3,SR,Santa Rosa Island,JLNO,Johnson's Lee North,2004,Outside,TRUE,2.421601160883991,2004-07-01,0.827593211523861,Outside
3,SR,Santa Rosa Island,JLNO,Johnson's Lee North,2005,Outside,TRUE,1.4137961366672598,2005-07-01,0.8080294867837716,Outside
3,SR,Santa Rosa Island,JLNO,Johnson's Lee North,2006,Outside,TRUE,2.04950868155449,2006-07-01,0.7644663522577458,Outside
3,SR,Santa Rosa Island,JLNO,Johnson's Lee North,2007,Outside,TRUE,1.732959285356449,2007-07-01,0.8389275359328473,Outside
3,SR,Santa Rosa Island,JLNO,Johnson's Lee North,2008,Outside,TRUE,1.6160297886809503,2008-07-01,0.8421540439615816,Outside
3,SR,Santa Rosa Island,JLNO,Johnson's Lee North,2009,Outside,TRUE,2.061531754509324,2009-07-01,0.8613649287525661,Outside
3,SR,Santa Rosa Island,JLNO,Johnson's Lee North,2010,Outside,TRUE,2.0190186802357957,2010-07-01,0.859705458824365,Outside
3,SR,Santa Rosa Island,JLNO,Johnson's Lee North,2011,Outside,TRUE,2.111326010818501,2011-07-01,0.8658217647646411,Outside
3,SR,Santa Rosa Island,JLNO,Johnson's Lee North,2012,Outside,TRUE,2.1187510913742504,2012-07-01,0.8037052321696868,Outside
3,SR,Santa Rosa Island,JLNO,Johnson's Lee North,2013,Outside,TRUE,2.3593382316939238,2013-07-01,0.8866903618564366,Outside
3,SR,Santa Rosa Island,JLNO,Johnson's Lee North,2014,Outside,TRUE,1.2247672117040553,2014-07-01,0.8495593296449024,Outside
3,SR,Santa Rosa Island,JLNO,Johnson's Lee North,2015,Outside,TRUE,0.6135947092627854,2015-07-01,0.779100093578347,Outside
3,SR,Santa Rosa Island,JLNO,Johnson's Lee North,2016,Outside,TRUE,0.47831418026401856,2016-07-01,0.7080974679944633,Outside
3,SR,Santa Rosa Island,JLNO,Johnson's Lee North,2017,Outside,TRUE,0.5722454218983106,2017-07-01,0.6882131228720293,Outside
3,SR,Santa Rosa Island,JLNO,Johnson's Lee North,2018,Outside,TRUE,0.33465360306729164,2018-07-01,0.7475822426441427,Outside
3,SR,Santa Rosa Island,JLNO,Johnson's Lee North,2019,Outside,TRUE,0.48868140470624827,2019-07-01,0.762022692933211,Outside
3,SR,Santa Rosa Island,JLNO,Johnson's Lee North,1983,Outside,TRUE,0.7268259093805698,1983-07-01,0.7501080041121219,Outside
3,SR,Santa Rosa Island,JLNO,Johnson's Lee North,1984,Outside,TRUE,0.7322184082210575,1984-07-01,0.7542594869466919,Outside
3,SR,Santa Rosa Island,JLNO,Johnson's Lee North,1982,Outside,TRUE,1.0413384752648425,1982-07-01,0.6860541703214009,Outside
4,SR,Santa Rosa Island,JLSO,Johnson's Lee South,1985,Outside,TRUE,1.2809981654960074,1985-07-01,0.8140503761981168,Outside
4,SR,Santa Rosa Island,JLSO,Johnson's Lee South,1986,Outside,TRUE,0.9977815360866725,1986-07-01,0.7904951278906007,Outside
4,SR,Santa Rosa Island,JLSO,Johnson's Lee South,1987,Outside,TRUE,1.5002539168011186,1987-07-01,0.8066609348461693,Outside
4,SR,Santa Rosa Island,JLSO,Johnson's Lee South,1988,Outside,TRUE,2.059850202488158,1988-07-01,0.8023740887484553,Outside
4,SR,Santa Rosa Island,JLSO,Johnson's Lee South,1989,Outside,TRUE,1.5840540995675834,1989-07-01,0.7969276653617345,Outside
4,SR,Santa Rosa Island,JLSO,Johnson's Lee South,1990,Outside,TRUE,1.4412964346210484,1990-07-01,0.8353788039836885,Outside
4,SR,Santa Rosa Island,JLSO,Johnson's Lee South,1991,Outside,TRUE,1.9629543970502803,1991-07-01,0.8599216696181458,Outside
4,SR,Santa Rosa Island,JLSO,Johnson's Lee South,1992,Outside,TRUE,1.9210500871147669,1992-07-01,0.8433036556786883,Outside
4,SR,Santa Rosa Island,JLSO,Johnson's Lee South,1993,Outside,TRUE,2.1539578860621895,1993-07-01,0.86247981546751,Outside
4,SR,Santa Rosa Island,JLSO,Johnson's Lee South,1994,Outside,TRUE,1.9438432114655522,1994-07-01,0.8565583032024794,Outside
4,SR,Santa Rosa Island,JLSO,Johnson's Lee South,1995,Outside,TRUE,2.164417528232673,1995-07-01,0.8633832037157598,Outside
4,SR,Santa Rosa Island,JLSO,Johnson's Lee South,1996,Outside,TRUE,2.060094419048681,1996-07-01,0.8732223661250487,Outside
4,SR,Santa Rosa Island,JLSO,Johnson's Lee South,1997,Outside,TRUE,1.9322815623355274,1997-07-01,0.8707538931555318,Outside
4,SR,Santa Rosa Island,JLSO,Johnson's Lee South,1998,Outside,TRUE,1.9816358331772703,1998-07-01,0.8581656959708276,Outside
4,SR,Santa Rosa Island,JLSO,Johnson's Lee South,1999,Outside,TRUE,1.821206556713733,1999-07-01,0.874872789439946,Outside
4,SR,Santa Rosa Island,JLSO,Johnson's Lee South,2000,Outside,TRUE,1.323633969491375,2000-07-01,0.8777626832019093,Outside
4,SR,Santa Rosa Island,JLSO,Johnson's Lee South,2001,Outside,TRUE,1.2826619818006484,2001-07-01,0.8574954785335135,Outside
4,SR,Santa Rosa Island,JLSO,Johnson's Lee South,2002,Outside,TRUE,2.3618991157443032,2002-07-01,0.8839590605770478,Outside
4,SR,Santa Rosa Island,JLSO,Johnson's Lee South,2003,Outside,TRUE,2.0128459836405637,2003-07-01,0.8687515636037539,Outside
4,SR,Santa Rosa Island,JLSO,Johnson's Lee South,2004,Outside,TRUE,2.2196254899334495,2004-07-01,0.8811041408880741,Outside
4,SR,Santa Rosa Island,JLSO,Johnson's Lee South,2005,Outside,TRUE,2.082579196596442,2005-07-01,0.8409708166485969,Outside
4,SR,Santa Rosa Island,JLSO,Johnson's Lee South,2006,Outside,TRUE,2.2919241310321916,2006-07-01,0.8652552955288647,Outside
4,SR,Santa Rosa Island,JLSO,Johnson's Lee South,2007,Outside,TRUE,2.120372486638702,2007-07-01,0.8496867647941069,Outside
4,SR,Santa Rosa Island,JLSO,Johnson's Lee South,2008,Outside,TRUE,2.075935716056094,2008-07-01,0.8677880655799171,Outside
4,SR,Santa Rosa Island,JLSO,Johnson's Lee South,2009,Outside,TRUE,2.098779917630677,2009-07-01,0.8764610378219705,Outside
4,SR,Santa Rosa Island,JLSO,Johnson's Lee South,2010,Outside,TRUE,2.0714270914160284,2010-07-01,0.8654750644433954,Outside
4,SR,Santa Rosa Island,JLSO,Johnson's Lee South,2011,Outside,TRUE,2.0075788728654826,2011-07-01,0.8675518807415895,Outside
4,SR,Santa Rosa Island,JLSO,Johnson's Lee South,2012,Outside,TRUE,2.1852498687251467,2012-07-01,0.847560574886789,Outside
4,SR,Santa Rosa Island,JLSO,Johnson's Lee South,2013,Outside,TRUE,2.1519444833163908,2013-07-01,0.8512512519321614,Outside
4,SR,Santa Rosa Island,JLSO,Johnson's Lee South,2014,Outside,TRUE,1.7878973549024615,2014-07-01,0.8616784409616127,Outside
4,SR,Santa Rosa Island,JLSO,Johnson's Lee South,2015,Outside,TRUE,1.3759491606542469,2015-07-01,0.8430226259944874,Outside
4,SR,Santa Rosa Island,JLSO,Johnson's Lee South,2016,Outside,TRUE,1.0251543772783884,2016-07-01,0.7988704333811928,Outside
4,SR,Santa Rosa Island,JLSO,Johnson's Lee South,2017,Outside,TRUE,0.8730546133075648,2017-07-01,0.7596688604851898,Outside
4,SR,Santa Rosa Island,JLSO,Johnson's Lee South,2018,Outside,TRUE,0.575364799606222,2018-07-01,0.7789030373549566,Outside
4,SR,Santa Rosa Island,JLSO,Johnson's Lee South,2019,Outside,TRUE,0.7635888200270449,2019-07-01,0.8128841870045429,Outside
4,SR,Santa Rosa Island,JLSO,Johnson's Lee South,1983,Outside,TRUE,1.6721215332960033,1983-07-01,0.8506280690372591,Outside
4,SR,Santa Rosa Island,JLSO,Johnson's Lee South,1984,Outside,TRUE,1.3468719365113497,1984-07-01,0.8001419554816828,Outside
4,SR,Santa Rosa Island,JLSO,Johnson's Lee South,1982,Outside,TRUE,1.214738636685395,1982-07-01,0.7613536566539314,Outside
5,SR,Santa Rosa Island,RR,Rodes Reef,1985,Outside,FALSE,1.3887058747683783,1985-07-01,0.7693773118603098,Outside
5,SR,Santa Rosa Island,RR,Rodes Reef,1986,Outside,FALSE,1.1661486349466135,1986-07-01,0.7741735896261613,Outside
5,SR,Santa Rosa Island,RR,Rodes Reef,1987,Outside,FALSE,1.2952413508002254,1987-07-01,0.7469997158236387,Outside
5,SR,Santa Rosa Island,RR,Rodes Reef,1988,Outside,FALSE,1.5686330868559604,1988-07-01,0.8264551415228514,Outside
5,SR,Santa Rosa Island,RR,Rodes Reef,1989,Outside,FALSE,1.782555000888798,1989-07-01,0.79540752853132,Outside
5,SR,Santa Rosa Island,RR,Rodes Reef,1990,Outside,FALSE,1.294295996580807,1990-07-01,0.7986328618898935,Outside
5,SR,Santa Rosa Island,RR,Rodes Reef,1991,Outside,FALSE,1.6837750686047819,1991-07-01,0.8212837945673338,Outside
5,SR,Santa Rosa Island,RR,Rodes Reef,1992,Outside,FALSE,1.6466994047412684,1992-07-01,0.818581038641983,Outside
5,SR,Santa Rosa Island,RR,Rodes Reef,1993,Outside,FALSE,1.7467014881726826,1993-07-01,0.8130758017001936,Outside
5,SR,Santa Rosa Island,RR,Rodes Reef,1994,Outside,FALSE,1.8061990124447687,1994-07-01,0.8190017460658245,Outside
5,SR,Santa Rosa Island,RR,Rodes Reef,1995,Outside,FALSE,1.5416544522952558,1995-07-01,0.8342514287091217,Outside
5,SR,Santa Rosa Island,RR,Rodes Reef,1996,Outside,FALSE,1.52212621140926,1996-07-01,0.8389668602323845,Outside
5,SR,Santa Rosa Island,RR,Rodes Reef,1997,Outside,FALSE,1.5597526176327292,1997-07-01,0.8433552589015199,Outside
5,SR,Santa Rosa Island,RR,Rodes Reef,1998,Outside,FALSE,1.417382272779386,1998-07-01,0.79732283450248,Outside
5,SR,Santa Rosa Island,RR,Rodes Reef,1999,Outside,FALSE,1.0622324304908424,1999-07-01,0.7121296207899823,Outside
5,SR,Santa Rosa Island,RR,Rodes Reef,2000,Outside,FALSE,0.9007485265901684,2000-07-01,0.751960386252046,Outside
5,SR,Santa Rosa Island,RR,Rodes Reef,2001,Outside,FALSE,1.024282572548057,2001-07-01,0.7765339244426692,Outside
5,SR,Santa Rosa Island,RR,Rodes Reef,2002,Outside,FALSE,1.1371938101847434,2002-07-01,0.8179528398075007,Outside
5,SR,Santa Rosa Island,RR,Rodes Reef,2003,Outside,FALSE,1.543430790235508,2003-07-01,0.819996044529538,Outside
5,SR,Santa Rosa Island,RR,Rodes Reef,2004,Outside,FALSE,1.7085576325657192,2004-07-01,0.7863877991378299,Outside
5,SR,Santa Rosa Island,RR,Rodes Reef,2005,Outside,FALSE,1.3437268009323278,2005-07-01,0.7624744048200335,Outside
5,SR,Santa Rosa Island,RR,Rodes Reef,2006,Outside,FALSE,1.3703807483102666,2006-07-01,0.8116957281998116,Outside
5,SR,Santa Rosa Island,RR,Rodes Reef,2007,Outside,FALSE,1.5156377737408147,2007-07-01,0.8348689295183498,Outside
5,SR,Santa Rosa Island,RR,Rodes Reef,2008,Outside,FALSE,1.4070216228334995,2008-07-01,0.8320964068970325,Outside
5,SR,Santa Rosa Island,RR,Rodes Reef,2009,Outside,FALSE,1.3168655684709596,2009-07-01,0.7063391588501582,Outside
5,SR,Santa Rosa Island,RR,Rodes Reef,2010,Outside,FALSE,1.1733372547028866,2010-07-01,0.7355680963358405,Outside
5,SR,Santa Rosa Island,RR,Rodes Reef,2011,Outside,FALSE,1.2946479063987042,2011-07-01,0.6951942200509437,Outside
5,SR,Santa Rosa Island,RR,Rodes Reef,2012,Outside,FALSE,1.3076530009310097,2012-07-01,0.6429934418194294,Outside
5,SR,Santa Rosa Island,RR,Rodes Reef,2013,Outside,FALSE,1.3159277568268397,2013-07-01,0.6862756500095725,Outside
5,SR,Santa Rosa Island,RR,Rodes Reef,2014,Outside,FALSE,1.47348556879846,2014-07-01,0.7194639739843529,Outside
5,SR,Santa Rosa Island,RR,Rodes Reef,2015,Outside,FALSE,1.2597977877349424,2015-07-01,0.6548587093786092,Outside
5,SR,Santa Rosa Island,RR,Rodes Reef,2016,Outside,FALSE,1.1844933007080898,2016-07-01,0.7089992446113527,Outside
5,SR,Santa Rosa Island,RR,Rodes Reef,2017,Outside,FALSE,1.3142400001441334,2017-07-01,0.707785833594319,Outside
5,SR,Santa Rosa Island,RR,Rodes Reef,2018,Outside,FALSE,1.14166138010892,2018-07-01,0.7484292628097441,Outside
5,SR,Santa Rosa Island,RR,Rodes Reef,2019,Outside,FALSE,0.9984850446739753,2019-07-01,0.7097343980777809,Outside
5,SR,Santa Rosa Island,RR,Rodes Reef,1983,Outside,FALSE,1.5906305536550875,1983-07-01,0.8036411308371936,Outside
5,SR,Santa Rosa Island,RR,Rodes Reef,1984,Outside,FALSE,1.4305502682236129,1984-07-01,0.7710141582025238,Outside
6,SC,Santa Cruz Island,GI,Gull Island South,1985,Inside,FALSE,1.352298546749517,1985-07-01,0.7319519841770821,2003
6,SC,Santa Cruz Island,GI,Gull Island South,1986,Inside,FALSE,0.8660058325958758,1986-07-01,0.7421604809621498,2003
6,SC,Santa Cruz Island,GI,Gull Island South,1987,Inside,FALSE,0.9533606980822663,1987-07-01,0.7512317377931566,2003
6,SC,Santa Cruz Island,GI,Gull Island South,1988,Inside,FALSE,0.8904031656711116,1988-07-01,0.7455573896233061,2003
6,SC,Santa Cruz Island,GI,Gull Island South,1989,Inside,FALSE,0.6667962779389752,1989-07-01,0.7494540089618218,2003
6,SC,Santa Cruz Island,GI,Gull Island South,1990,Inside,FALSE,0.9036396994665639,1990-07-01,0.7602592348524551,2003
6,SC,Santa Cruz Island,GI,Gull Island South,1991,Inside,FALSE,1.1750363373188013,1991-07-01,0.7640229255848212,2003
6,SC,Santa Cruz Island,GI,Gull Island South,1992,Inside,FALSE,1.3437191429307747,1992-07-01,0.7580720964045906,2003
6,SC,Santa Cruz Island,GI,Gull Island South,1993,Inside,FALSE,1.0249263802584783,1993-07-01,0.7917038829358606,2003
6,SC,Santa Cruz Island,GI,Gull Island South,1994,Inside,FALSE,1.1825805618205143,1994-07-01,0.7919653928885669,2003
6,SC,Santa Cruz Island,GI,Gull Island South,1995,Inside,FALSE,0.9461338309284535,1995-07-01,0.750968576852786,2003
6,SC,Santa Cruz Island,GI,Gull Island South,1996,Inside,FALSE,0.9791864536249419,1996-07-01,0.7232674791696909,2003
6,SC,Santa Cruz Island,GI,Gull Island South,1997,Inside,FALSE,1.1600462812732417,1997-07-01,0.7426681600793514,2003
6,SC,Santa Cruz Island,GI,Gull Island South,1998,Inside,FALSE,0.9020183844926583,1998-07-01,0.7261737722662485,2003
6,SC,Santa Cruz Island,GI,Gull Island South,1999,Inside,FALSE,1.0933513851071148,1999-07-01,0.7363251527234471,2003
6,SC,Santa Cruz Island,GI,Gull Island South,2000,Inside,FALSE,0.7738697898560402,2000-07-01,0.7080576622425059,2003
6,SC,Santa Cruz Island,GI,Gull Island South,2001,Inside,FALSE,1.1437604880262848,2001-07-01,0.7329155047510076,2003
6,SC,Santa Cruz Island,GI,Gull Island South,2002,Inside,FALSE,2.137061646455644,2002-07-01,0.8071862225235067,2003
6,SC,Santa Cruz Island,GI,Gull Island South,2003,Inside,FALSE,1.6772818703862311,2003-07-01,0.778191065496373,2003
6,SC,Santa Cruz Island,GI,Gull Island South,2004,Inside,FALSE,2.090323290569768,2004-07-01,0.7980007317630432,2003
6,SC,Santa Cruz Island,GI,Gull Island South,2005,Inside,FALSE,2.0449562044389453,2005-07-01,0.7862465404862421,2003
6,SC,Santa Cruz Island,GI,Gull Island South,2006,Inside,FALSE,2.066211048694123,2006-07-01,0.8268586215179718,2003
6,SC,Santa Cruz Island,GI,Gull Island South,2007,Inside,FALSE,2.1020203872387393,2007-07-01,0.8084615541162281,2003
6,SC,Santa Cruz Island,GI,Gull Island South,2008,Inside,FALSE,2.0160349163618183,2008-07-01,0.8211542526838969,2003
6,SC,Santa Cruz Island,GI,Gull Island South,2009,Inside,FALSE,2.400307226654885,2009-07-01,0.8329030680879832,2003
6,SC,Santa Cruz Island,GI,Gull Island South,2010,Inside,FALSE,1.8850824275011366,2010-07-01,0.7760826994558109,2003
6,SC,Santa Cruz Island,GI,Gull Island South,2011,Inside,FALSE,1.0380430843020212,2011-07-01,0.7915066633751859,2003
6,SC,Santa Cruz Island,GI,Gull Island South,2012,Inside,FALSE,1.2965102302389921,2012-07-01,0.7839840632902153,2003
6,SC,Santa Cruz Island,GI,Gull Island South,2013,Inside,FALSE,1.6593174850443502,2013-07-01,0.7594188582230624,2003
6,SC,Santa Cruz Island,GI,Gull Island South,2014,Inside,FALSE,1.7353949767064654,2014-07-01,0.7894846583387357,2003
6,SC,Santa Cruz Island,GI,Gull Island South,2015,Inside,FALSE,2.2958196071594834,2015-07-01,0.8026043618637086,2003
6,SC,Santa Cruz Island,GI,Gull Island South,2016,Inside,FALSE,2.1117349663753084,2016-07-01,0.7690579388666833,2003
6,SC,Santa Cruz Island,GI,Gull Island South,2017,Inside,FALSE,2.039039747348434,2017-07-01,0.7742250309592811,2003
6,SC,Santa Cruz Island,GI,Gull Island South,2018,Inside,FALSE,2.2828468159666917,2018-07-01,0.8075973168903126,2003
6,SC,Santa Cruz Island,GI,Gull Island South,2019,Inside,FALSE,2.2372914727351922,2019-07-01,0.7948108382172104,2003
6,SC,Santa Cruz Island,GI,Gull Island South,1983,Inside,FALSE,1.3871996985639867,1983-07-01,0.7552868460491474,2003
6,SC,Santa Cruz Island,GI,Gull Island South,1984,Inside,FALSE,1.4357544221474818,1984-07-01,0.7420344026709247,2003
6,SC,Santa Cruz Island,GI,Gull Island South,1982,Inside,FALSE,1.0509118833207163,1982-07-01,0.691865889212828,2003
7,SC,Santa Cruz Island,FH,Fry's Harbor,1985,Outside,FALSE,1.9233942940416244,1985-07-01,0.7906847479975874,Outside
7,SC,Santa Cruz Island,FH,Fry's Harbor,1986,Outside,FALSE,1.888750906024461,1986-07-01,0.7852074654339741,Outside
7,SC,Santa Cruz Island,FH,Fry's Harbor,1987,Outside,FALSE,1.7955179694387624,1987-07-01,0.7725312254345358,Outside
7,SC,Santa Cruz Island,FH,Fry's Harbor,1988,Outside,FALSE,2.029238061031929,1988-07-01,0.8055738326009524,Outside
7,SC,Santa Cruz Island,FH,Fry's Harbor,1989,Outside,FALSE,1.8616761283092453,1989-07-01,0.8344701303612574,Outside
7,SC,Santa Cruz Island,FH,Fry's Harbor,1990,Outside,FALSE,1.7737372379800314,1990-07-01,0.808080346004366,Outside
7,SC,Santa Cruz Island,FH,Fry's Harbor,1991,Outside,FALSE,2.1192576317393192,1991-07-01,0.8278026410693916,Outside
7,SC,Santa Cruz Island,FH,Fry's Harbor,1992,Outside,FALSE,1.866386619705156,1992-07-01,0.818394944075187,Outside
7,SC,Santa Cruz Island,FH,Fry's Harbor,1993,Outside,FALSE,2.0656323486082098,1993-07-01,0.8325615537447815,Outside
7,SC,Santa Cruz Island,FH,Fry's Harbor,1994,Outside,FALSE,2.1643222746250945,1994-07-01,0.8187989476143244,Outside
7,SC,Santa Cruz Island,FH,Fry's Harbor,1995,Outside,FALSE,1.392487964671459,1995-07-01,0.7879592011143528,Outside
7,SC,Santa Cruz Island,FH,Fry's Harbor,1996,Outside,FALSE,1.1278940961910906,1996-07-01,0.8184733650013388,Outside
7,SC,Santa Cruz Island,FH,Fry's Harbor,1997,Outside,FALSE,1.1936203758430304,1997-07-01,0.8157883315830299,Outside
7,SC,Santa Cruz Island,FH,Fry's Harbor,1998,Outside,FALSE,1.0112751174792458,1998-07-01,0.8075149639086916,Outside
7,SC,Santa Cruz Island,FH,Fry's Harbor,1999,Outside,FALSE,1.3804856895445037,1999-07-01,0.8021714066330644,Outside
7,SC,Santa Cruz Island,FH,Fry's Harbor,2000,Outside,FALSE,1.1698367395224751,2000-07-01,0.7870726167138423,Outside
7,SC,Santa Cruz Island,FH,Fry's Harbor,2001,Outside,FALSE,1.0520539820616892,2001-07-01,0.8202607024293715,Outside
7,SC,Santa Cruz Island,FH,Fry's Harbor,2002,Outside,FALSE,1.0169015957404033,2002-07-01,0.800362114975643,Outside
7,SC,Santa Cruz Island,FH,Fry's Harbor,2003,Outside,FALSE,1.8308939193262066,2003-07-01,0.8147333695867236,Outside
7,SC,Santa Cruz Island,FH,Fry's Harbor,2004,Outside,FALSE,1.9564216223288755,2004-07-01,0.808985281519505,Outside
7,SC,Santa Cruz Island,FH,Fry's Harbor,2005,Outside,FALSE,1.8948969406392393,2005-07-01,0.822512554489041,Outside
7,SC,Santa Cruz Island,FH,Fry's Harbor,2006,Outside,FALSE,2.2258007474487047,2006-07-01,0.8159581233050973,Outside
7,SC,Santa Cruz Island,FH,Fry's Harbor,2007,Outside,FALSE,2.1167394630092677,2007-07-01,0.8303714746382395,Outside
7,SC,Santa Cruz Island,FH,Fry's Harbor,2008,Outside,FALSE,2.048905231771825,2008-07-01,0.854146114817608,Outside
7,SC,Santa Cruz Island,FH,Fry's Harbor,2009,Outside,FALSE,2.1663591373627678,2009-07-01,0.8199888644801583,Outside
7,SC,Santa Cruz Island,FH,Fry's Harbor,2010,Outside,FALSE,2.32143630531381,2010-07-01,0.8370955932470403,Outside
7,SC,Santa Cruz Island,FH,Fry's Harbor,2011,Outside,FALSE,2.1377395382902735,2011-07-01,0.8490931293581616,Outside
7,SC,Santa Cruz Island,FH,Fry's Harbor,2012,Outside,FALSE,2.2118956531263785,2012-07-01,0.82988564050979,Outside
7,SC,Santa Cruz Island,FH,Fry's Harbor,2013,Outside,FALSE,2.3344955584295923,2013-07-01,0.8523915447577881,Outside
7,SC,Santa Cruz Island,FH,Fry's Harbor,2014,Outside,FALSE,1.9103301468215312,2014-07-01,0.8141396528742106,Outside
7,SC,Santa Cruz Island,FH,Fry's Harbor,2015,Outside,FALSE,2.336236961255081,2015-07-01,0.7937448669405338,Outside
7,SC,Santa Cruz Island,FH,Fry's Harbor,2016,Outside,FALSE,1.8344025486885795,2016-07-01,0.7510301882331636,Outside
7,SC,Santa Cruz Island,FH,Fry's Harbor,2017,Outside,FALSE,2.0816375414248736,2017-07-01,0.7626199725923404,Outside
7,SC,Santa Cruz Island,FH,Fry's Harbor,2018,Outside,FALSE,2.0484703498104264,2018-07-01,0.735970118020758,Outside
7,SC,Santa Cruz Island,FH,Fry's Harbor,2019,Outside,FALSE,1.949981996187541,2019-07-01,0.7859190320557355,Outside
7,SC,Santa Cruz Island,FH,Fry's Harbor,1983,Outside,FALSE,1.5654892498033437,1983-07-01,0.7997059857629848,Outside
7,SC,Santa Cruz Island,FH,Fry's Harbor,1984,Outside,FALSE,1.7064000582043257,1984-07-01,0.7991650941604083,Outside
7,SC,Santa Cruz Island,FH,Fry's Harbor,1982,Outside,FALSE,1.3838452855250423,1982-07-01,0.8059211997435936,Outside
8,SC,Santa Cruz Island,PB,Pelican Bay,1985,Outside,FALSE,1.4402747478733733,1985-07-01,0.8390037508547127,Outside
8,SC,Santa Cruz Island,PB,Pelican Bay,1986,Outside,FALSE,1.6524234949559231,1986-07-01,0.8309949880534447,Outside
8,SC,Santa Cruz Island,PB,Pelican Bay,1987,Outside,FALSE,1.4583296487736264,1987-07-01,0.8236068183655574,Outside
8,SC,Santa Cruz Island,PB,Pelican Bay,1988,Outside,FALSE,1.3851622773931374,1988-07-01,0.8282723294769774,Outside
8,SC,Santa Cruz Island,PB,Pelican Bay,1989,Outside,FALSE,1.4993842297801736,1989-07-01,0.8334789901708146,Outside
8,SC,Santa Cruz Island,PB,Pelican Bay,1990,Outside,FALSE,1.5247037225640023,1990-07-01,0.8502814075888486,Outside
8,SC,Santa Cruz Island,PB,Pelican Bay,1991,Outside,FALSE,1.509412811996494,1991-07-01,0.8684772229449583,Outside
8,SC,Santa Cruz Island,PB,Pelican Bay,1992,Outside,FALSE,1.7011834908566987,1992-07-01,0.8424804414771735,Outside
8,SC,Santa Cruz Island,PB,Pelican Bay,1993,Outside,FALSE,1.9734467734234014,1993-07-01,0.8855213166434664,Outside
8,SC,Santa Cruz Island,PB,Pelican Bay,1994,Outside,FALSE,1.073198301346343,1994-07-01,0.8582305447978353,Outside
8,SC,Santa Cruz Island,PB,Pelican Bay,1995,Outside,FALSE,0.6945550572615701,1995-07-01,0.7936798693586131,Outside
8,SC,Santa Cruz Island,PB,Pelican Bay,1996,Outside,FALSE,0.8413304312239802,1996-07-01,0.8047132085334383,Outside
8,SC,Santa Cruz Island,PB,Pelican Bay,1997,Outside,FALSE,0.9369199037473488,1997-07-01,0.8285222037986621,Outside
8,SC,Santa Cruz Island,PB,Pelican Bay,1998,Outside,FALSE,0.838669118836378,1998-07-01,0.8182522030429378,Outside
8,SC,Santa Cruz Island,PB,Pelican Bay,1999,Outside,FALSE,1.509213140551977,1999-07-01,0.7971836102069234,Outside
8,SC,Santa Cruz Island,PB,Pelican Bay,2000,Outside,FALSE,1.1762135533823654,2000-07-01,0.8245775779690558,Outside
8,SC,Santa Cruz Island,PB,Pelican Bay,2001,Outside,FALSE,0.8968039675327362,2001-07-01,0.786320548876646,Outside
8,SC,Santa Cruz Island,PB,Pelican Bay,2002,Outside,FALSE,0.8887932618571296,2002-07-01,0.8022672929068424,Outside
8,SC,Santa Cruz Island,PB,Pelican Bay,2003,Outside,FALSE,1.0351126528065135,2003-07-01,0.8048289377461777,Outside
8,SC,Santa Cruz Island,PB,Pelican Bay,2004,Outside,FALSE,1.1440932156638886,2004-07-01,0.8056769866274592,Outside
8,SC,Santa Cruz Island,PB,Pelican Bay,2005,Outside,FALSE,1.072682141144893,2005-07-01,0.8239860467373632,Outside
8,SC,Santa Cruz Island,PB,Pelican Bay,2006,Outside,FALSE,1.2562440624561713,2006-07-01,0.8422920059189278,Outside
8,SC,Santa Cruz Island,PB,Pelican Bay,2007,Outside,FALSE,1.4794345848802994,2007-07-01,0.8457487875502117,Outside
8,SC,Santa Cruz Island,PB,Pelican Bay,2008,Outside,FALSE,1.4404291204408541,2008-07-01,0.8499197143089035,Outside
8,SC,Santa Cruz Island,PB,Pelican Bay,2009,Outside,FALSE,2.010331414660791,2009-07-01,0.8561466756682855,Outside
8,SC,Santa Cruz Island,PB,Pelican Bay,2010,Outside,FALSE,0.9554063251374906,2010-07-01,0.8679631721608674,Outside
8,SC,Santa Cruz Island,PB,Pelican Bay,2011,Outside,FALSE,0.9845960146945344,2011-07-01,0.8288394591414219,Outside
8,SC,Santa Cruz Island,PB,Pelican Bay,2012,Outside,FALSE,0.9415188952282988,2012-07-01,0.8235025860390324,Outside
8,SC,Santa Cruz Island,PB,Pelican Bay,2013,Outside,FALSE,0.8068919098885823,2013-07-01,0.812928094139564,Outside
8,SC,Santa Cruz Island,PB,Pelican Bay,2014,Outside,FALSE,0.8385802276237929,2014-07-01,0.8384689067404841,Outside
8,SC,Santa Cruz Island,PB,Pelican Bay,2015,Outside,FALSE,1.515596124561888,2015-07-01,0.811288219071674,Outside
8,SC,Santa Cruz Island,PB,Pelican Bay,2016,Outside,FALSE,1.6087081120514815,2016-07-01,0.8516956104645403,Outside
8,SC,Santa Cruz Island,PB,Pelican Bay,2017,Outside,FALSE,1.8649684786168037,2017-07-01,0.8219062744692054,Outside
8,SC,Santa Cruz Island,PB,Pelican Bay,2018,Outside,FALSE,1.5991246703071462,2018-07-01,0.7824240853693119,Outside
8,SC,Santa Cruz Island,PB,Pelican Bay,2019,Outside,FALSE,0.6634639874791509,2019-07-01,0.8385094134318851,Outside
8,SC,Santa Cruz Island,PB,Pelican Bay,1983,Outside,FALSE,1.2933784093102707,1983-07-01,0.8398887941861487,Outside
8,SC,Santa Cruz Island,PB,Pelican Bay,1984,Outside,FALSE,1.3986685729135382,1984-07-01,0.8559539959764283,Outside
8,SC,Santa Cruz Island,PB,Pelican Bay,1982,Outside,FALSE,1.1637375834968187,1982-07-01,0.8703101020781818,Outside
9,SC,Santa Cruz Island,SA,Scorpion Anchorage,1985,Inside,TRUE,1.6589543148965153,1985-07-01,0.7841235480869023,2003
9,SC,Santa Cruz Island,SA,Scorpion Anchorage,1986,Inside,TRUE,0.5993562128404979,1986-07-01,0.7658983429016579,2003
9,SC,Santa Cruz Island,SA,Scorpion Anchorage,1987,Inside,TRUE,0.5435702947371989,1987-07-01,0.7695866716938449,2003
9,SC,Santa Cruz Island,SA,Scorpion Anchorage,1988,Inside,TRUE,0.6137047721665425,1988-07-01,0.7342490079738841,2003
9,SC,Santa Cruz Island,SA,Scorpion Anchorage,1989,Inside,TRUE,0.6183734293952619,1989-07-01,0.7492865033896976,2003
9,SC,Santa Cruz Island,SA,Scorpion Anchorage,1990,Inside,TRUE,0.36676360140027153,1990-07-01,0.7468486181329954,2003
9,SC,Santa Cruz Island,SA,Scorpion Anchorage,1991,Inside,TRUE,0.3165154541294689,1991-07-01,0.7323013722004412,2003
9,SC,Santa Cruz Island,SA,Scorpion Anchorage,1992,Inside,TRUE,0.4207891945354654,1992-07-01,0.7537513653379145,2003
9,SC,Santa Cruz Island,SA,Scorpion Anchorage,1993,Inside,TRUE,0.4270954495498506,1993-07-01,0.7350458314545247,2003
9,SC,Santa Cruz Island,SA,Scorpion Anchorage,1994,Inside,TRUE,0.4644368255644016,1994-07-01,0.778174050907558,2003
9,SC,Santa Cruz Island,SA,Scorpion Anchorage,1995,Inside,TRUE,0.5679614585600096,1995-07-01,0.7494507599466008,2003
9,SC,Santa Cruz Island,SA,Scorpion Anchorage,1996,Inside,TRUE,0.49777522662277607,1996-07-01,0.7375414959317714,2003
9,SC,Santa Cruz Island,SA,Scorpion Anchorage,1997,Inside,TRUE,0.5816076741443201,1997-07-01,0.7490232632644429,2003
9,SC,Santa Cruz Island,SA,Scorpion Anchorage,1998,Inside,TRUE,0.6134272208643589,1998-07-01,0.7056784823185169,2003
9,SC,Santa Cruz Island,SA,Scorpion Anchorage,1999,Inside,TRUE,0.836344730155169,1999-07-01,0.7725351858944174,2003
9,SC,Santa Cruz Island,SA,Scorpion Anchorage,2000,Inside,TRUE,0.5417420810143314,2000-07-01,0.7433406408513561,2003
9,SC,Santa Cruz Island,SA,Scorpion Anchorage,2001,Inside,TRUE,0.5685493428961628,2001-07-01,0.7532968589913088,2003
9,SC,Santa Cruz Island,SA,Scorpion Anchorage,2002,Inside,TRUE,0.4280649925211857,2002-07-01,0.7513739089452351,2003
9,SC,Santa Cruz Island,SA,Scorpion Anchorage,2003,Inside,TRUE,0.45012540581777905,2003-07-01,0.7467171062156956,2003
9,SC,Santa Cruz Island,SA,Scorpion Anchorage,2004,Inside,TRUE,0.6439327423738805,2004-07-01,0.7588459839029656,2003
9,SC,Santa Cruz Island,SA,Scorpion Anchorage,2005,Inside,TRUE,0.7198210758034351,2005-07-01,0.803458216791824,2003
9,SC,Santa Cruz Island,SA,Scorpion Anchorage,2006,Inside,TRUE,0.6248702536247868,2006-07-01,0.799207254863412,2003
9,SC,Santa Cruz Island,SA,Scorpion Anchorage,2007,Inside,TRUE,0.831454205951876,2007-07-01,0.7949117125912813,2003
9,SC,Santa Cruz Island,SA,Scorpion Anchorage,2008,Inside,TRUE,0.8610483063045554,2008-07-01,0.745058979113401,2003
9,SC,Santa Cruz Island,SA,Scorpion Anchorage,2009,Inside,TRUE,0.608080586911369,2009-07-01,0.7529808709178435,2003
9,SC,Santa Cruz Island,SA,Scorpion Anchorage,2010,Inside,TRUE,0.6678045827446303,2010-07-01,0.7864778142560553,2003
9,SC,Santa Cruz Island,SA,Scorpion Anchorage,2011,Inside,TRUE,0.6225923806839512,2011-07-01,0.7481035564159737,2003
9,SC,Santa Cruz Island,SA,Scorpion Anchorage,2012,Inside,TRUE,0.5061044790964893,2012-07-01,0.6886813249702685,2003
9,SC,Santa Cruz Island,SA,Scorpion Anchorage,2013,Inside,TRUE,0.5164856808525998,2013-07-01,0.7614103313885079,2003
9,SC,Santa Cruz Island,SA,Scorpion Anchorage,2014,Inside,TRUE,0.9100446701262082,2014-07-01,0.8235250748252557,2003
9,SC,Santa Cruz Island,SA,Scorpion Anchorage,2015,Inside,TRUE,1.3715050360343244,2015-07-01,0.8331295192935858,2003
9,SC,Santa Cruz Island,SA,Scorpion Anchorage,2016,Inside,TRUE,0.6184131942755643,2016-07-01,0.8722550365747951,2003
9,SC,Santa Cruz Island,SA,Scorpion Anchorage,2017,Inside,TRUE,0.983626159878023,2017-07-01,0.863296216988273,2003
9,SC,Santa Cruz Island,SA,Scorpion Anchorage,2018,Inside,TRUE,1.7372609492971023,2018-07-01,0.8533864443571154,2003
9,SC,Santa Cruz Island,SA,Scorpion Anchorage,2019,Inside,TRUE,1.910254571556453,2019-07-01,0.8405796482226594,2003
9,SC,Santa Cruz Island,SA,Scorpion Anchorage,1983,Inside,TRUE,1.0738141264049772,1983-07-01,0.809393740558192,2003
9,SC,Santa Cruz Island,SA,Scorpion Anchorage,1984,Inside,TRUE,1.2083700486092528,1984-07-01,0.77337880218792,2003
9,SC,Santa Cruz Island,SA,Scorpion Anchorage,1982,Inside,TRUE,1.2733125033679993,1982-07-01,0.8196751343903433,2003
10,SC,Santa Cruz Island,YB,Yellow Banks,1986,Outside,FALSE,0.842609494459541,1986-07-01,0.8299675672053987,Outside
10,SC,Santa Cruz Island,YB,Yellow Banks,1987,Outside,FALSE,0.7521424120529139,1987-07-01,0.7930052043221545,Outside
10,SC,Santa Cruz Island,YB,Yellow Banks,1988,Outside,FALSE,1.304050461684891,1988-07-01,0.8377452233689646,Outside
10,SC,Santa Cruz Island,YB,Yellow Banks,1989,Outside,FALSE,0.7923074599256241,1989-07-01,0.8336055567052819,Outside
10,SC,Santa Cruz Island,YB,Yellow Banks,1990,Outside,FALSE,0.9865399901267334,1990-07-01,0.8534597082611703,Outside
10,SC,Santa Cruz Island,YB,Yellow Banks,1991,Outside,FALSE,1.3678008690192902,1991-07-01,0.8399902689700589,Outside
10,SC,Santa Cruz Island,YB,Yellow Banks,1992,Outside,FALSE,1.132764941642112,1992-07-01,0.8556866214862844,Outside
10,SC,Santa Cruz Island,YB,Yellow Banks,1993,Outside,FALSE,2.0081344074448633,1993-07-01,0.8943128469603361,Outside
10,SC,Santa Cruz Island,YB,Yellow Banks,1994,Outside,FALSE,1.9661719140263256,1994-07-01,0.896988793280779,Outside
10,SC,Santa Cruz Island,YB,Yellow Banks,1995,Outside,FALSE,0.9229129996793947,1995-07-01,0.8716743357235318,Outside
10,SC,Santa Cruz Island,YB,Yellow Banks,1996,Outside,FALSE,1.6055113256466387,1996-07-01,0.9024664578543278,Outside
10,SC,Santa Cruz Island,YB,Yellow Banks,1997,Outside,FALSE,1.512629123432639,1997-07-01,0.9027993416523399,Outside
10,SC,Santa Cruz Island,YB,Yellow Banks,1998,Outside,FALSE,0.9456720043733498,1998-07-01,0.6647074702270359,Outside
10,SC,Santa Cruz Island,YB,Yellow Banks,1999,Outside,FALSE,1.2340460109647013,1999-07-01,0.7634702122881893,Outside
10,SC,Santa Cruz Island,YB,Yellow Banks,2000,Outside,FALSE,1.2580732925968912,2000-07-01,0.7624110689337615,Outside
10,SC,Santa Cruz Island,YB,Yellow Banks,2001,Outside,FALSE,1.3110487464703149,2001-07-01,0.8137199048153951,Outside
10,SC,Santa Cruz Island,YB,Yellow Banks,2002,Outside,FALSE,1.4205442112506854,2002-07-01,0.8126774378258093,Outside
10,SC,Santa Cruz Island,YB,Yellow Banks,2003,Outside,FALSE,2.1053547639566386,2003-07-01,0.8498711945234104,Outside
10,SC,Santa Cruz Island,YB,Yellow Banks,2004,Outside,FALSE,2.023064418909864,2004-07-01,0.8085772584850965,Outside
10,SC,Santa Cruz Island,YB,Yellow Banks,2005,Outside,FALSE,1.6171394623518878,2005-07-01,0.8122687539638278,Outside
10,SC,Santa Cruz Island,YB,Yellow Banks,2006,Outside,FALSE,1.2859666674436132,2006-07-01,0.8446076287868939,Outside
10,SC,Santa Cruz Island,YB,Yellow Banks,2007,Outside,FALSE,1.785896549181702,2007-07-01,0.8011103257253196,Outside
10,SC,Santa Cruz Island,YB,Yellow Banks,2008,Outside,FALSE,1.3093187559893764,2008-07-01,0.7927187935847158,Outside
10,SC,Santa Cruz Island,YB,Yellow Banks,2009,Outside,FALSE,1.1810233904741234,2009-07-01,0.8388662063436964,Outside
10,SC,Santa Cruz Island,YB,Yellow Banks,2010,Outside,FALSE,1.6241656513651266,2010-07-01,0.8180622111254612,Outside
10,SC,Santa Cruz Island,YB,Yellow Banks,2011,Outside,FALSE,1.116796387545419,2011-07-01,0.8137876361143174,Outside
10,SC,Santa Cruz Island,YB,Yellow Banks,2012,Outside,FALSE,1.9658772031563654,2012-07-01,0.8089649412759685,Outside
10,SC,Santa Cruz Island,YB,Yellow Banks,2013,Outside,FALSE,2.1768148632627233,2013-07-01,0.830147743508891,Outside
10,SC,Santa Cruz Island,YB,Yellow Banks,2014,Outside,FALSE,1.302205120396843,2014-07-01,0.8125119675706103,Outside
10,SC,Santa Cruz Island,YB,Yellow Banks,2015,Outside,FALSE,0.8996623480548948,2015-07-01,0.7573472368131527,Outside
10,SC,Santa Cruz Island,YB,Yellow Banks,2016,Outside,FALSE,1.0346681033040839,2016-07-01,0.7532039021696779,Outside
10,SC,Santa Cruz Island,YB,Yellow Banks,2017,Outside,FALSE,0.9578269171295241,2017-07-01,0.7033641339140577,Outside
10,SC,Santa Cruz Island,YB,Yellow Banks,2018,Outside,FALSE,1.151050299979653,2018-07-01,0.709526040247488,Outside
10,SC,Santa Cruz Island,YB,Yellow Banks,2019,Outside,FALSE,1.3001973798162483,2019-07-01,0.7276454212608366,Outside
11,AN,Anacapa Island,AR,Admiral's Reef,1985,Outside,TRUE,1.7456454859659363,1985-07-01,0.8263840768309394,Outside
11,AN,Anacapa Island,AR,Admiral's Reef,1986,Outside,TRUE,1.4433216297715665,1986-07-01,0.8294754434495066,Outside
11,AN,Anacapa Island,AR,Admiral's Reef,1987,Outside,TRUE,1.5649646630954042,1987-07-01,0.8281516293962712,Outside
11,AN,Anacapa Island,AR,Admiral's Reef,1988,Outside,TRUE,1.6529794709834673,1988-07-01,0.850279400524742,Outside
11,AN,Anacapa Island,AR,Admiral's Reef,1989,Outside,TRUE,1.5374481200694556,1989-07-01,0.8012701295948049,Outside
11,AN,Anacapa Island,AR,Admiral's Reef,1990,Outside,TRUE,1.4962196707283189,1990-07-01,0.8203603053387543,Outside
11,AN,Anacapa Island,AR,Admiral's Reef,1991,Outside,TRUE,1.7370897937845595,1991-07-01,0.8489831329545955,Outside
11,AN,Anacapa Island,AR,Admiral's Reef,1992,Outside,TRUE,1.5527656220570254,1992-07-01,0.8525050712614836,Outside
11,AN,Anacapa Island,AR,Admiral's Reef,1993,Outside,TRUE,1.4141428151647386,1993-07-01,0.8746358858907328,Outside
11,AN,Anacapa Island,AR,Admiral's Reef,1994,Outside,TRUE,1.3406585680964973,1994-07-01,0.8726862950540505,Outside
11,AN,Anacapa Island,AR,Admiral's Reef,1995,Outside,TRUE,0.7603487257089184,1995-07-01,0.829118004060871,Outside
11,AN,Anacapa Island,AR,Admiral's Reef,1996,Outside,TRUE,1.1659235176550367,1996-07-01,0.7837559800317749,Outside
11,AN,Anacapa Island,AR,Admiral's Reef,1997,Outside,TRUE,1.235125323677138,1997-07-01,0.8298917205837315,Outside
11,AN,Anacapa Island,AR,Admiral's Reef,1998,Outside,TRUE,1.057290429983005,1998-07-01,0.7937120899652124,Outside
11,AN,Anacapa Island,AR,Admiral's Reef,1999,Outside,TRUE,0.8246106091918028,1999-07-01,0.7910973184993801,Outside
11,AN,Anacapa Island,AR,Admiral's Reef,2000,Outside,TRUE,0.6453316473231967,2000-07-01,0.7812965549671846,Outside
11,AN,Anacapa Island,AR,Admiral's Reef,2001,Outside,TRUE,0.8224793273159887,2001-07-01,0.7859879545786909,Outside
11,AN,Anacapa Island,AR,Admiral's Reef,2002,Outside,TRUE,1.2021826607677186,2002-07-01,0.8020889028123888,Outside
11,AN,Anacapa Island,AR,Admiral's Reef,2003,Outside,TRUE,1.50928359469251,2003-07-01,0.8087863125478791,Outside
11,AN,Anacapa Island,AR,Admiral's Reef,2004,Outside,TRUE,0.9900969029267686,2004-07-01,0.8233705698135375,Outside
11,AN,Anacapa Island,AR,Admiral's Reef,2005,Outside,TRUE,1.8539693727376045,2005-07-01,0.8267134286778681,Outside
11,AN,Anacapa Island,AR,Admiral's Reef,2006,Outside,TRUE,1.4661891748358786,2006-07-01,0.8178148069301174,Outside
11,AN,Anacapa Island,AR,Admiral's Reef,2007,Outside,TRUE,1.5981291898546321,2007-07-01,0.8141795824216596,Outside
11,AN,Anacapa Island,AR,Admiral's Reef,2008,Outside,TRUE,1.5862966374484682,2008-07-01,0.8039286474877154,Outside
11,AN,Anacapa Island,AR,Admiral's Reef,2009,Outside,TRUE,1.929288072275307,2009-07-01,0.8077774354704301,Outside
11,AN,Anacapa Island,AR,Admiral's Reef,2010,Outside,TRUE,1.7264736497337503,2010-07-01,0.7987290551417452,Outside
11,AN,Anacapa Island,AR,Admiral's Reef,2011,Outside,TRUE,1.543292066548732,2011-07-01,0.8091212430151014,Outside
11,AN,Anacapa Island,AR,Admiral's Reef,2012,Outside,TRUE,1.8070337842979054,2012-07-01,0.7831283213620847,Outside
11,AN,Anacapa Island,AR,Admiral's Reef,2013,Outside,TRUE,1.7181368854657553,2013-07-01,0.736974242980712,Outside
11,AN,Anacapa Island,AR,Admiral's Reef,2014,Outside,TRUE,1.5447438187974778,2014-07-01,0.7871970396406884,Outside
11,AN,Anacapa Island,AR,Admiral's Reef,2015,Outside,TRUE,1.2916101341461306,2015-07-01,0.818203685495912,Outside
11,AN,Anacapa Island,AR,Admiral's Reef,2016,Outside,TRUE,1.2126071318004363,2016-07-01,0.8090001842908564,Outside
11,AN,Anacapa Island,AR,Admiral's Reef,2017,Outside,TRUE,1.5993873387018138,2017-07-01,0.8070663702195413,Outside
11,AN,Anacapa Island,AR,Admiral's Reef,2018,Outside,TRUE,1.4972702019572546,2018-07-01,0.7940629323247276,Outside
11,AN,Anacapa Island,AR,Admiral's Reef,2019,Outside,TRUE,1.469871637982068,2019-07-01,0.866239892313637,Outside
11,AN,Anacapa Island,AR,Admiral's Reef,1983,Outside,TRUE,1.7127917850412084,1983-07-01,0.7884672506377477,Outside
11,AN,Anacapa Island,AR,Admiral's Reef,1984,Outside,TRUE,1.7293256301828464,1984-07-01,0.8162424425277695,Outside
11,AN,Anacapa Island,AR,Admiral's Reef,1982,Outside,TRUE,1.2763129760678207,1982-07-01,0.7311687858737245,Outside
12,AN,Anacapa Island,CC,Cathedral Cove,1985,Inside,TRUE,1.577394829496198,1985-07-01,0.8746025643372818,1978
12,AN,Anacapa Island,CC,Cathedral Cove,1986,Inside,TRUE,1.4650217034657422,1986-07-01,0.8533326796264065,1978
12,AN,Anacapa Island,CC,Cathedral Cove,1987,Inside,TRUE,1.5970078934465781,1987-07-01,0.8258943853349447,1978
12,AN,Anacapa Island,CC,Cathedral Cove,1988,Inside,TRUE,1.7224048359363031,1988-07-01,0.8299084969850997,1978
12,AN,Anacapa Island,CC,Cathedral Cove,1989,Inside,TRUE,1.7769269313298666,1989-07-01,0.8446127506147028,1978
12,AN,Anacapa Island,CC,Cathedral Cove,1990,Inside,TRUE,1.6092753188991058,1990-07-01,0.8609272428985139,1978
12,AN,Anacapa Island,CC,Cathedral Cove,1991,Inside,TRUE,1.5851062839406866,1991-07-01,0.8554445332916265,1978
12,AN,Anacapa Island,CC,Cathedral Cove,1992,Inside,TRUE,1.7543347961760638,1992-07-01,0.8611224247208542,1978
12,AN,Anacapa Island,CC,Cathedral Cove,1993,Inside,TRUE,1.7497916081273988,1993-07-01,0.8738986877356621,1978
12,AN,Anacapa Island,CC,Cathedral Cove,1994,Inside,TRUE,1.7286355123445774,1994-07-01,0.8898161113824364,1978
12,AN,Anacapa Island,CC,Cathedral Cove,1995,Inside,TRUE,1.5347995630084637,1995-07-01,0.8687516843846841,1978
12,AN,Anacapa Island,CC,Cathedral Cove,1996,Inside,TRUE,1.8250060923724336,1996-07-01,0.8752008840463528,1978
12,AN,Anacapa Island,CC,Cathedral Cove,1997,Inside,TRUE,1.8006874475031196,1997-07-01,0.8711655934972381,1978
12,AN,Anacapa Island,CC,Cathedral Cove,1998,Inside,TRUE,1.7699938710800684,1998-07-01,0.841816719334552,1978
12,AN,Anacapa Island,CC,Cathedral Cove,1999,Inside,TRUE,1.6186263480688219,1999-07-01,0.8713852192684568,1978
12,AN,Anacapa Island,CC,Cathedral Cove,2000,Inside,TRUE,1.907427644194195,2000-07-01,0.8791352422632582,1978
12,AN,Anacapa Island,CC,Cathedral Cove,2001,Inside,TRUE,1.766800209923433,2001-07-01,0.8641882453507306,1978
12,AN,Anacapa Island,CC,Cathedral Cove,2002,Inside,TRUE,1.7962618178895189,2002-07-01,0.8492407401463367,1978
12,AN,Anacapa Island,CC,Cathedral Cove,2003,Inside,TRUE,1.9018049209448133,2003-07-01,0.823236703334943,1978
12,AN,Anacapa Island,CC,Cathedral Cove,2004,Inside,TRUE,2.1662927179655727,2004-07-01,0.8613951516240063,1978
12,AN,Anacapa Island,CC,Cathedral Cove,2005,Inside,TRUE,1.7023744081298917,2005-07-01,0.8915662295628588,1978
12,AN,Anacapa Island,CC,Cathedral Cove,2006,Inside,TRUE,1.6546395379634542,2006-07-01,0.8718075277556987,1978
12,AN,Anacapa Island,CC,Cathedral Cove,2007,Inside,TRUE,1.123940037718094,2007-07-01,0.8947690186006604,1978
12,AN,Anacapa Island,CC,Cathedral Cove,2008,Inside,TRUE,1.0945507238944907,2008-07-01,0.8931338336988368,1978
12,AN,Anacapa Island,CC,Cathedral Cove,2009,Inside,TRUE,0.9791274249904848,2009-07-01,0.8944346017214451,1978
12,AN,Anacapa Island,CC,Cathedral Cove,2010,Inside,TRUE,0.9862153221112351,2010-07-01,0.9035599920210083,1978
12,AN,Anacapa Island,CC,Cathedral Cove,2011,Inside,TRUE,0.9915705272954362,2011-07-01,0.8927810899410752,1978
12,AN,Anacapa Island,CC,Cathedral Cove,2012,Inside,TRUE,0.7172325147142895,2012-07-01,0.8747255818762646,1978
12,AN,Anacapa Island,CC,Cathedral Cove,2013,Inside,TRUE,0.8329178543399572,2013-07-01,0.8969133536312912,1978
12,AN,Anacapa Island,CC,Cathedral Cove,2014,Inside,TRUE,0.86855685311094,2014-07-01,0.9019872269829688,1978
12,AN,Anacapa Island,CC,Cathedral Cove,2015,Inside,TRUE,1.561104899103962,2015-07-01,0.9029277810284464,1978
12,AN,Anacapa Island,CC,Cathedral Cove,2016,Inside,TRUE,1.8748724449677652,2016-07-01,0.8934134417087949,1978
12,AN,Anacapa Island,CC,Cathedral Cove,2017,Inside,TRUE,0.7124622262501308,2017-07-01,0.8974363338961138,1978
12,AN,Anacapa Island,CC,Cathedral Cove,2018,Inside,TRUE,1.7795715653926139,2018-07-01,0.8839636040916755,1978
12,AN,Anacapa Island,CC,Cathedral Cove,2019,Inside,TRUE,1.3152698304783685,2019-07-01,0.907315693596349,1978
12,AN,Anacapa Island,CC,Cathedral Cove,1983,Inside,TRUE,1.328806204171129,1983-07-01,0.8290225487195184,1978
12,AN,Anacapa Island,CC,Cathedral Cove,1984,Inside,TRUE,1.4515307548526633,1984-07-01,0.8431681401037956,1978
12,AN,Anacapa Island,CC,Cathedral Cove,1982,Inside,TRUE,0.8377518450829992,1982-07-01,0.8451068559007898,1978
13,AN,Anacapa Island,LC,Landing Cove,1985,Inside,TRUE,1.778690970421866,1985-07-01,0.8419166958174633,1978
13,AN,Anacapa Island,LC,Landing Cove,1986,Inside,TRUE,1.9282736119436614,1986-07-01,0.8587435906629854,1978
13,AN,Anacapa Island,LC,Landing Cove,1987,Inside,TRUE,1.8985047644484276,1987-07-01,0.8575931079469356,1978
13,AN,Anacapa Island,LC,Landing Cove,1988,Inside,TRUE,1.919004609639357,1988-07-01,0.8747446404829146,1978
13,AN,Anacapa Island,LC,Landing Cove,1989,Inside,TRUE,1.9112046277696482,1989-07-01,0.8874471039428573,1978
13,AN,Anacapa Island,LC,Landing Cove,1990,Inside,TRUE,2.1542528058769856,1990-07-01,0.8911392560403623,1978
13,AN,Anacapa Island,LC,Landing Cove,1991,Inside,TRUE,1.4377036692388296,1991-07-01,0.881048682994236,1978
13,AN,Anacapa Island,LC,Landing Cove,1992,Inside,TRUE,1.9663918977137023,1992-07-01,0.8703836812548628,1978
13,AN,Anacapa Island,LC,Landing Cove,1993,Inside,TRUE,1.7726490226790268,1993-07-01,0.9106608157666358,1978
13,AN,Anacapa Island,LC,Landing Cove,1994,Inside,TRUE,1.6531238114312732,1994-07-01,0.9014673007633551,1978
13,AN,Anacapa Island,LC,Landing Cove,1995,Inside,TRUE,1.7827763509071937,1995-07-01,0.901087202332271,1978
13,AN,Anacapa Island,LC,Landing Cove,1996,Inside,TRUE,1.8479188693445459,1996-07-01,0.8942408309946541,1978
13,AN,Anacapa Island,LC,Landing Cove,1997,Inside,TRUE,2.008084931114245,1997-07-01,0.8848879152771164,1978
13,AN,Anacapa Island,LC,Landing Cove,1998,Inside,TRUE,2.0967910649939974,1998-07-01,0.9004296668525414,1978
13,AN,Anacapa Island,LC,Landing Cove,1999,Inside,TRUE,2.0276264090802836,1999-07-01,0.8866083639072897,1978
13,AN,Anacapa Island,LC,Landing Cove,2000,Inside,TRUE,1.8386857528761502,2000-07-01,0.9007730760548239,1978
13,AN,Anacapa Island,LC,Landing Cove,2001,Inside,TRUE,1.9187415091931321,2001-07-01,0.91020903254508,1978
13,AN,Anacapa Island,LC,Landing Cove,2002,Inside,TRUE,2.140518264109531,2002-07-01,0.9059769406256278,1978
13,AN,Anacapa Island,LC,Landing Cove,2003,Inside,TRUE,2.0537910859001958,2003-07-01,0.9048631748719091,1978
13,AN,Anacapa Island,LC,Landing Cove,2004,Inside,TRUE,1.4562218683521213,2004-07-01,0.9139154295495029,1978
13,AN,Anacapa Island,LC,Landing Cove,2005,Inside,TRUE,1.1897428624657311,2005-07-01,0.8777984425408798,1978
13,AN,Anacapa Island,LC,Landing Cove,2006,Inside,TRUE,1.2620287361629874,2006-07-01,0.9004092136360898,1978
13,AN,Anacapa Island,LC,Landing Cove,2007,Inside,TRUE,0.9770143387106416,2007-07-01,0.8941891449079747,1978
13,AN,Anacapa Island,LC,Landing Cove,2008,Inside,TRUE,0.8536334120806586,2008-07-01,0.909641588800802,1978
13,AN,Anacapa Island,LC,Landing Cove,2009,Inside,TRUE,0.7781716754819827,2009-07-01,0.8970040451903131,1978
13,AN,Anacapa Island,LC,Landing Cove,2010,Inside,TRUE,1.2116784290658993,2010-07-01,0.8917935199669818,1978
13,AN,Anacapa Island,LC,Landing Cove,2011,Inside,TRUE,1.3698333966430258,2011-07-01,0.9100334211115376,1978
13,AN,Anacapa Island,LC,Landing Cove,2012,Inside,TRUE,1.293824620126,2012-07-01,0.9083381964486829,1978
13,AN,Anacapa Island,LC,Landing Cove,2013,Inside,TRUE,1.0125730512010105,2013-07-01,0.9149431133008262,1978
13,AN,Anacapa Island,LC,Landing Cove,2014,Inside,TRUE,1.2489781985791306,2014-07-01,0.8947391293245626,1978
13,AN,Anacapa Island,LC,Landing Cove,2015,Inside,TRUE,2.0503173109899198,2015-07-01,0.9241847902920948,1978
13,AN,Anacapa Island,LC,Landing Cove,2016,Inside,TRUE,1.6097568955525485,2016-07-01,0.9102983900859553,1978
13,AN,Anacapa Island,LC,Landing Cove,2017,Inside,TRUE,0.9368737199664178,2017-07-01,0.9129984471070226,1978
13,AN,Anacapa Island,LC,Landing Cove,2018,Inside,TRUE,0.4570057386220707,2018-07-01,0.9160163009096064,1978
13,AN,Anacapa Island,LC,Landing Cove,2019,Inside,TRUE,1.0134730088028279,2019-07-01,0.9186432165581914,1978
13,AN,Anacapa Island,LC,Landing Cove,1983,Inside,TRUE,1.7986045353715374,1983-07-01,0.8550164267459472,1978
13,AN,Anacapa Island,LC,Landing Cove,1984,Inside,TRUE,1.5594426236276215,1984-07-01,0.8348512514547034,1978
13,AN,Anacapa Island,LC,Landing Cove,1982,Inside,TRUE,1.465566126255067,1982-07-01,0.8306300545203923,1978
14,SB,Santa Barbara Island,SESL,SE Sea Lion Rookery,1985,Inside,TRUE,1.123048977817194,1985-07-01,0.7852009457620844,2003
14,SB,Santa Barbara Island,SESL,SE Sea Lion Rookery,1986,Inside,TRUE,0.4098864463571087,1986-07-01,0.77903397758583,2003
14,SB,Santa Barbara Island,SESL,SE Sea Lion Rookery,1987,Inside,TRUE,0.6251834742433029,1987-07-01,0.780674348969013,2003
14,SB,Santa Barbara Island,SESL,SE Sea Lion Rookery,1988,Inside,TRUE,0.6203762970399105,1988-07-01,0.774987374800101,2003
14,SB,Santa Barbara Island,SESL,SE Sea Lion Rookery,1989,Inside,TRUE,0.4737567483636724,1989-07-01,0.7539448275729753,2003
14,SB,Santa Barbara Island,SESL,SE Sea Lion Rookery,1990,Inside,TRUE,0.7097273183146883,1990-07-01,0.7896174092976547,2003
14,SB,Santa Barbara Island,SESL,SE Sea Lion Rookery,1991,Inside,TRUE,0.8869859246609496,1991-07-01,0.7966213803779105,2003
14,SB,Santa Barbara Island,SESL,SE Sea Lion Rookery,1992,Inside,TRUE,0.8186569435811718,1992-07-01,0.7947349718981627,2003
14,SB,Santa Barbara Island,SESL,SE Sea Lion Rookery,1993,Inside,TRUE,1.3904422603300768,1993-07-01,0.833873934298519,2003
14,SB,Santa Barbara Island,SESL,SE Sea Lion Rookery,1994,Inside,TRUE,0.6516459439388738,1994-07-01,0.7790977055506609,2003
14,SB,Santa Barbara Island,SESL,SE Sea Lion Rookery,1995,Inside,TRUE,0.39860176356641863,1995-07-01,0.7545265766304746,2003
14,SB,Santa Barbara Island,SESL,SE Sea Lion Rookery,1996,Inside,TRUE,0.5919213878428964,1996-07-01,0.7212645841754715,2003
14,SB,Santa Barbara Island,SESL,SE Sea Lion Rookery,1997,Inside,TRUE,0.825760832960579,1997-07-01,0.7586898684807256,2003
14,SB,Santa Barbara Island,SESL,SE Sea Lion Rookery,1998,Inside,TRUE,1.2267556045953165,1998-07-01,0.7811315513234169,2003
14,SB,Santa Barbara Island,SESL,SE Sea Lion Rookery,1999,Inside,TRUE,1.3447217259688267,1999-07-01,0.7252184681030894,2003
14,SB,Santa Barbara Island,SESL,SE Sea Lion Rookery,2000,Inside,TRUE,0.6794562836965813,2000-07-01,0.774366219829677,2003
14,SB,Santa Barbara Island,SESL,SE Sea Lion Rookery,2001,Inside,TRUE,1.088959295157985,2001-07-01,0.7883217844733597,2003
14,SB,Santa Barbara Island,SESL,SE Sea Lion Rookery,2002,Inside,TRUE,2.065956652956071,2002-07-01,0.8196807680076621,2003
14,SB,Santa Barbara Island,SESL,SE Sea Lion Rookery,2003,Inside,TRUE,1.8737823657470665,2003-07-01,0.8309063725783297,2003
14,SB,Santa Barbara Island,SESL,SE Sea Lion Rookery,2004,Inside,TRUE,1.0223169801207193,2004-07-01,0.7647240980408695,2003
14,SB,Santa Barbara Island,SESL,SE Sea Lion Rookery,2005,Inside,TRUE,1.1268454946429063,2005-07-01,0.7868223045567866,2003
14,SB,Santa Barbara Island,SESL,SE Sea Lion Rookery,2006,Inside,TRUE,1.2466396378471412,2006-07-01,0.7702844231216583,2003
14,SB,Santa Barbara Island,SESL,SE Sea Lion Rookery,2007,Inside,TRUE,1.2003824251135264,2007-07-01,0.7519992401336318,2003
14,SB,Santa Barbara Island,SESL,SE Sea Lion Rookery,2008,Inside,TRUE,1.2052144076237135,2008-07-01,0.7533972304605381,2003
14,SB,Santa Barbara Island,SESL,SE Sea Lion Rookery,2009,Inside,TRUE,1.0597665376020666,2009-07-01,0.7824990119841729,2003
14,SB,Santa Barbara Island,SESL,SE Sea Lion Rookery,2010,Inside,TRUE,1.1097950129775427,2010-07-01,0.7900988820514131,2003
14,SB,Santa Barbara Island,SESL,SE Sea Lion Rookery,2011,Inside,TRUE,0.6365337414515037,2011-07-01,0.761488004595873,2003
14,SB,Santa Barbara Island,SESL,SE Sea Lion Rookery,2012,Inside,TRUE,0.5566473764824954,2012-07-01,0.730453338384981,2003
14,SB,Santa Barbara Island,SESL,SE Sea Lion Rookery,2013,Inside,TRUE,1.091789477499863,2013-07-01,0.7669089660293259,2003
14,SB,Santa Barbara Island,SESL,SE Sea Lion Rookery,2014,Inside,TRUE,1.0262365620222558,2014-07-01,0.8168313412124117,2003
14,SB,Santa Barbara Island,SESL,SE Sea Lion Rookery,2015,Inside,TRUE,1.024086508568623,2015-07-01,0.8113121199756742,2003
14,SB,Santa Barbara Island,SESL,SE Sea Lion Rookery,2016,Inside,TRUE,0.5282957934444826,2016-07-01,0.8285305713812449,2003
14,SB,Santa Barbara Island,SESL,SE Sea Lion Rookery,2017,Inside,TRUE,1.142486971339118,2017-07-01,0.8587498788259921,2003
14,SB,Santa Barbara Island,SESL,SE Sea Lion Rookery,2018,Inside,TRUE,1.995554816330792,2018-07-01,0.8638162431294825,2003
14,SB,Santa Barbara Island,SESL,SE Sea Lion Rookery,2019,Inside,TRUE,1.5829074108958885,2019-07-01,0.8843830654211782,2003
14,SB,Santa Barbara Island,SESL,SE Sea Lion Rookery,1983,Inside,TRUE,0.8998818478806081,1983-07-01,0.7402847923681257,2003
14,SB,Santa Barbara Island,SESL,SE Sea Lion Rookery,1984,Inside,TRUE,1.0300536973874352,1984-07-01,0.7155216090112169,2003
14,SB,Santa Barbara Island,SESL,SE Sea Lion Rookery,1982,Inside,TRUE,0.7249470556117168,1982-07-01,0.775462579413956,2003
15,SB,Santa Barbara Island,AP,Arch Point,1985,Outside,TRUE,0.8417163437677866,1985-07-01,0.822843367534423,Outside
15,SB,Santa Barbara Island,AP,Arch Point,1986,Outside,TRUE,0.2802813929108955,1986-07-01,0.7596704540250309,Outside
15,SB,Santa Barbara Island,AP,Arch Point,1987,Outside,TRUE,0.6612118561789577,1987-07-01,0.7807967733891834,Outside
15,SB,Santa Barbara Island,AP,Arch Point,1988,Outside,TRUE,0.5208037405034912,1988-07-01,0.8037873787241421,Outside
15,SB,Santa Barbara Island,AP,Arch Point,1989,Outside,TRUE,0.36824211260336537,1989-07-01,0.7754927148474323,Outside
15,SB,Santa Barbara Island,AP,Arch Point,1990,Outside,TRUE,0.3191970381567612,1990-07-01,0.7930680137546918,Outside
15,SB,Santa Barbara Island,AP,Arch Point,1991,Outside,TRUE,0.36883586095270865,1991-07-01,0.8007692585298338,Outside
15,SB,Santa Barbara Island,AP,Arch Point,1992,Outside,TRUE,0.3271903272325725,1992-07-01,0.7788190082644628,Outside
15,SB,Santa Barbara Island,AP,Arch Point,1993,Outside,TRUE,1.2441937254465143,1993-07-01,0.8563651502782645,Outside
15,SB,Santa Barbara Island,AP,Arch Point,1994,Outside,TRUE,0.8304600797582858,1994-07-01,0.8331804354744368,Outside
15,SB,Santa Barbara Island,AP,Arch Point,1995,Outside,TRUE,0.4702035871340454,1995-07-01,0.7422576956288361,Outside
15,SB,Santa Barbara Island,AP,Arch Point,1996,Outside,TRUE,0.285176438536809,1996-07-01,0.7256124341686989,Outside
15,SB,Santa Barbara Island,AP,Arch Point,1997,Outside,TRUE,0.5209525740934471,1997-07-01,0.7719564074907224,Outside
15,SB,Santa Barbara Island,AP,Arch Point,1998,Outside,TRUE,0.9289181547139638,1998-07-01,0.734486102245367,Outside
15,SB,Santa Barbara Island,AP,Arch Point,1999,Outside,TRUE,1.0753846786802501,1999-07-01,0.7683943939739241,Outside
15,SB,Santa Barbara Island,AP,Arch Point,2000,Outside,TRUE,0.5348364102276403,2000-07-01,0.7624207143489987,Outside
15,SB,Santa Barbara Island,AP,Arch Point,2001,Outside,TRUE,0.39981008062179507,2001-07-01,0.804055391964915,Outside
15,SB,Santa Barbara Island,AP,Arch Point,2002,Outside,TRUE,0.36308963584563403,2002-07-01,0.782452039597308,Outside
15,SB,Santa Barbara Island,AP,Arch Point,2003,Outside,TRUE,1.4764119214540767,2003-07-01,0.8338202345115278,Outside
15,SB,Santa Barbara Island,AP,Arch Point,2004,Outside,TRUE,1.0222517504810806,2004-07-01,0.7545536513964468,Outside
15,SB,Santa Barbara Island,AP,Arch Point,2005,Outside,TRUE,0.6642124004831993,2005-07-01,0.7650198180789896,Outside
15,SB,Santa Barbara Island,AP,Arch Point,2006,Outside,TRUE,0.6664114877542944,2006-07-01,0.7373614360517451,Outside
15,SB,Santa Barbara Island,AP,Arch Point,2007,Outside,TRUE,0.5148634895301609,2007-07-01,0.7348565340370115,Outside
15,SB,Santa Barbara Island,AP,Arch Point,2008,Outside,TRUE,0.5235104659154776,2008-07-01,0.7625536766021147,Outside
15,SB,Santa Barbara Island,AP,Arch Point,2009,Outside,TRUE,0.3319787610248188,2009-07-01,0.747722348143228,Outside
15,SB,Santa Barbara Island,AP,Arch Point,2010,Outside,TRUE,0.6287288050362216,2010-07-01,0.7670813607395583,Outside
15,SB,Santa Barbara Island,AP,Arch Point,2011,Outside,TRUE,0.6091429727108542,2011-07-01,0.7546492830944543,Outside
15,SB,Santa Barbara Island,AP,Arch Point,2012,Outside,TRUE,0.5283949556200199,2012-07-01,0.7023378772303105,Outside
15,SB,Santa Barbara Island,AP,Arch Point,2013,Outside,TRUE,0.5003891452748503,2013-07-01,0.7597617643732357,Outside
15,SB,Santa Barbara Island,AP,Arch Point,2014,Outside,TRUE,0.1989718317699666,2014-07-01,0.7522659685517843,Outside
15,SB,Santa Barbara Island,AP,Arch Point,2015,Outside,TRUE,1.1591608498604267,2015-07-01,0.8449924332847321,Outside
15,SB,Santa Barbara Island,AP,Arch Point,2016,Outside,TRUE,1.563035365190397,2016-07-01,0.8734926147092371,Outside
15,SB,Santa Barbara Island,AP,Arch Point,2017,Outside,TRUE,0.9635835431757112,2017-07-01,0.8429933382080586,Outside
15,SB,Santa Barbara Island,AP,Arch Point,2018,Outside,TRUE,0.5396668472549898,2018-07-01,0.8632759495320845,Outside
15,SB,Santa Barbara Island,AP,Arch Point,2019,Outside,TRUE,0.959042078027447,2019-07-01,0.8124235172177654,Outside
15,SB,Santa Barbara Island,AP,Arch Point,1983,Outside,TRUE,0.31816906515355714,1983-07-01,0.7952090030250827,Outside
15,SB,Santa Barbara Island,AP,Arch Point,1984,Outside,TRUE,1.1635459380301651,1984-07-01,0.7418338543021927,Outside
15,SB,Santa Barbara Island,AP,Arch Point,1982,Outside,TRUE,0.40252736221392516,1982-07-01,0.7741516158468347,Outside
16,SB,Santa Barbara Island,CAT,Cat Canyon,1986,Outside,TRUE,0.9123230507375276,1986-07-01,0.7809239806404354,Outside
16,SB,Santa Barbara Island,CAT,Cat Canyon,1987,Outside,TRUE,0.5999012202501535,1987-07-01,0.8039642710503124,Outside
16,SB,Santa Barbara Island,CAT,Cat Canyon,1988,Outside,TRUE,0.42449345935651156,1988-07-01,0.8534180377309939,Outside
16,SB,Santa Barbara Island,CAT,Cat Canyon,1989,Outside,TRUE,0.4670958494420311,1989-07-01,0.7750631623875728,Outside
16,SB,Santa Barbara Island,CAT,Cat Canyon,1990,Outside,TRUE,0.4887711445493676,1990-07-01,0.7850763610463126,Outside
16,SB,Santa Barbara Island,CAT,Cat Canyon,1991,Outside,TRUE,0.42849463156479245,1991-07-01,0.8111028353031144,Outside
16,SB,Santa Barbara Island,CAT,Cat Canyon,1992,Outside,TRUE,0.4148341772347766,1992-07-01,0.7962360146604939,Outside
16,SB,Santa Barbara Island,CAT,Cat Canyon,1993,Outside,TRUE,1.2312079650396432,1993-07-01,0.8615041563056813,Outside
16,SB,Santa Barbara Island,CAT,Cat Canyon,1994,Outside,TRUE,1.2447972167684622,1994-07-01,0.8159761607383103,Outside
16,SB,Santa Barbara Island,CAT,Cat Canyon,1995,Outside,TRUE,1.1497830561752322,1995-07-01,0.8505363688598466,Outside
16,SB,Santa Barbara Island,CAT,Cat Canyon,1996,Outside,TRUE,1.0104811546619048,1996-07-01,0.8242012531964978,Outside
16,SB,Santa Barbara Island,CAT,Cat Canyon,1997,Outside,TRUE,0.821948881277398,1997-07-01,0.7858232151438374,Outside
16,SB,Santa Barbara Island,CAT,Cat Canyon,1998,Outside,TRUE,1.3069392138510223,1998-07-01,0.7203003859669039,Outside
16,SB,Santa Barbara Island,CAT,Cat Canyon,1999,Outside,TRUE,1.4840804375641388,1999-07-01,0.717498137056943,Outside
16,SB,Santa Barbara Island,CAT,Cat Canyon,2000,Outside,TRUE,1.1486051314216752,2000-07-01,0.7422485051090335,Outside
16,SB,Santa Barbara Island,CAT,Cat Canyon,2001,Outside,TRUE,0.9411462943571827,2001-07-01,0.7265128440082134,Outside
16,SB,Santa Barbara Island,CAT,Cat Canyon,2002,Outside,TRUE,0.8602021994068719,2002-07-01,0.7484540363471379,Outside
16,SB,Santa Barbara Island,CAT,Cat Canyon,2003,Outside,TRUE,1.4740619198184264,2003-07-01,0.7818728827962023,Outside
16,SB,Santa Barbara Island,CAT,Cat Canyon,2004,Outside,TRUE,0.8763342908112621,2004-07-01,0.7045170670715538,Outside
16,SB,Santa Barbara Island,CAT,Cat Canyon,2005,Outside,TRUE,0.6551603662285855,2005-07-01,0.7052802389585321,Outside
16,SB,Santa Barbara Island,CAT,Cat Canyon,2006,Outside,TRUE,0.8356145298222436,2006-07-01,0.748113120923364,Outside
16,SB,Santa Barbara Island,CAT,Cat Canyon,2007,Outside,TRUE,0.7286493147977894,2007-07-01,0.6820718334221545,Outside
16,SB,Santa Barbara Island,CAT,Cat Canyon,2008,Outside,TRUE,0.5324614508160822,2008-07-01,0.6784535638850663,Outside
16,SB,Santa Barbara Island,CAT,Cat Canyon,2009,Outside,TRUE,0.35740396916260453,2009-07-01,0.7149812541303666,Outside
16,SB,Santa Barbara Island,CAT,Cat Canyon,2010,Outside,TRUE,0.8512743560054041,2010-07-01,0.8203697448428995,Outside
16,SB,Santa Barbara Island,CAT,Cat Canyon,2011,Outside,TRUE,0.5443542229431574,2011-07-01,0.7475593004524841,Outside
16,SB,Santa Barbara Island,CAT,Cat Canyon,2012,Outside,TRUE,0.38260108724985825,2012-07-01,0.7148288645196801,Outside
16,SB,Santa Barbara Island,CAT,Cat Canyon,2013,Outside,TRUE,0.4037436052698911,2013-07-01,0.8199378526521304,Outside
16,SB,Santa Barbara Island,CAT,Cat Canyon,2014,Outside,TRUE,0.5171096214766028,2014-07-01,0.7326242523491799,Outside
16,SB,Santa Barbara Island,CAT,Cat Canyon,2015,Outside,TRUE,1.2473907065762313,2015-07-01,0.7270860279901888,Outside
16,SB,Santa Barbara Island,CAT,Cat Canyon,2016,Outside,TRUE,0.9992258904300181,2016-07-01,0.856529059619658,Outside
16,SB,Santa Barbara Island,CAT,Cat Canyon,2017,Outside,TRUE,1.218342015469995,2017-07-01,0.8176591872937387,Outside
16,SB,Santa Barbara Island,CAT,Cat Canyon,2018,Outside,TRUE,1.5004723637520259,2018-07-01,0.8245945575501048,Outside
16,SB,Santa Barbara Island,CAT,Cat Canyon,2019,Outside,TRUE,1.6207585493379637,2019-07-01,0.8314725432080866,Outside
21,SM,San Miguel Island,MM,Miracle Mile,2002,Outside,FALSE,1.5152669734878164,2002-07-01,NA,Outside
21,SM,San Miguel Island,MM,Miracle Mile,2003,Outside,FALSE,1.794770682041394,2003-07-01,0.8944389459741809,Outside
21,SM,San Miguel Island,MM,Miracle Mile,2004,Outside,FALSE,2.0127792664236197,2004-07-01,NA,Outside
21,SM,San Miguel Island,MM,Miracle Mile,2005,Outside,FALSE,1.8425925100595513,2005-07-01,0.8637586712673655,Outside
21,SM,San Miguel Island,MM,Miracle Mile,2006,Outside,FALSE,1.9934606939575814,2006-07-01,0.8792416895994986,Outside
21,SM,San Miguel Island,MM,Miracle Mile,2007,Outside,FALSE,1.9575479172001513,2007-07-01,0.8741968286847908,Outside
21,SM,San Miguel Island,MM,Miracle Mile,2008,Outside,FALSE,1.7971073644957267,2008-07-01,0.8569826417967504,Outside
21,SM,San Miguel Island,MM,Miracle Mile,2009,Outside,FALSE,1.8339538127433406,2009-07-01,0.8582802991292593,Outside
21,SM,San Miguel Island,MM,Miracle Mile,2010,Outside,FALSE,2.0139121284194,2010-07-01,0.8649597385660712,Outside
21,SM,San Miguel Island,MM,Miracle Mile,2011,Outside,FALSE,2.0390857862466025,2011-07-01,0.8641364835839496,Outside
21,SM,San Miguel Island,MM,Miracle Mile,2012,Outside,FALSE,1.9417651095447648,2012-07-01,0.8617784472201161,Outside
21,SM,San Miguel Island,MM,Miracle Mile,2013,Outside,FALSE,1.9863552906791708,2013-07-01,0.8419348577740219,Outside
21,SM,San Miguel Island,MM,Miracle Mile,2014,Outside,FALSE,1.951272889805214,2014-07-01,0.8543275373931624,Outside
21,SM,San Miguel Island,MM,Miracle Mile,2015,Outside,FALSE,2.0169497986867326,2015-07-01,0.8593455485769332,Outside
21,SM,San Miguel Island,MM,Miracle Mile,2016,Outside,FALSE,2.11030967084187,2016-07-01,0.8476236877859432,Outside
21,SM,San Miguel Island,MM,Miracle Mile,2017,Outside,FALSE,1.8381331060966382,2017-07-01,0.8464663471733387,Outside
21,SM,San Miguel Island,MM,Miracle Mile,2018,Outside,FALSE,1.0681784362006146,2018-07-01,0.744040616530417,Outside
21,SM,San Miguel Island,MM,Miracle Mile,2019,Outside,FALSE,0.8947819351154035,2019-07-01,0.7731883055543479,Outside
21,SM,San Miguel Island,MM,Miracle Mile,2001,Outside,FALSE,1.4965458581437066,2001-07-01,NA,Outside
22,SR,Santa Rosa Island,CP,Cluster Point,2005,Outside,TRUE,2.1887479484702523,2005-07-01,0.8182151738996615,Outside
22,SR,Santa Rosa Island,CP,Cluster Point,2006,Outside,TRUE,1.585486172607683,2006-07-01,0.8500201035440333,Outside
22,SR,Santa Rosa Island,CP,Cluster Point,2007,Outside,TRUE,1.8305666340393212,2007-07-01,0.8285618263738335,Outside
22,SR,Santa Rosa Island,CP,Cluster Point,2008,Outside,TRUE,1.5887957071931713,2008-07-01,0.8692825474884077,Outside
22,SR,Santa Rosa Island,CP,Cluster Point,2009,Outside,TRUE,1.911651771629413,2009-07-01,0.864990711423078,Outside
22,SR,Santa Rosa Island,CP,Cluster Point,2010,Outside,TRUE,1.826813671038891,2010-07-01,0.8664538442168305,Outside
22,SR,Santa Rosa Island,CP,Cluster Point,2011,Outside,TRUE,1.7533857632688696,2011-07-01,0.8547981591807963,Outside
22,SR,Santa Rosa Island,CP,Cluster Point,2012,Outside,TRUE,1.8949296390185328,2012-07-01,0.8334241851725184,Outside
22,SR,Santa Rosa Island,CP,Cluster Point,2013,Outside,TRUE,1.8399312011511426,2013-07-01,0.7917090295664173,Outside
22,SR,Santa Rosa Island,CP,Cluster Point,2014,Outside,TRUE,1.6615679404763424,2014-07-01,0.8437597606130832,Outside
22,SR,Santa Rosa Island,CP,Cluster Point,2015,Outside,TRUE,1.2426906699548266,2015-07-01,0.8167040729424994,Outside
22,SR,Santa Rosa Island,CP,Cluster Point,2016,Outside,TRUE,1.132861909901998,2016-07-01,0.7534653780329427,Outside
22,SR,Santa Rosa Island,CP,Cluster Point,2017,Outside,TRUE,0.7095837019509277,2017-07-01,0.7659849195014529,Outside
22,SR,Santa Rosa Island,CP,Cluster Point,2018,Outside,TRUE,0.47783670492763514,2018-07-01,0.7040062896903603,Outside
22,SR,Santa Rosa Island,CP,Cluster Point,2019,Outside,TRUE,0.802391011343223,2019-07-01,0.8087736536003393,Outside
23,SR,Santa Rosa Island,TC,Trancion Canyon,2005,Inside,TRUE,1.8854553657563926,2005-07-01,0.866110906206623,2003
23,SR,Santa Rosa Island,TC,Trancion Canyon,2006,Inside,TRUE,1.9319040945215495,2006-07-01,0.8470286389820085,2003
23,SR,Santa Rosa Island,TC,Trancion Canyon,2007,Inside,TRUE,1.8855272741557108,2007-07-01,0.8678663106909793,2003
23,SR,Santa Rosa Island,TC,Trancion Canyon,2008,Inside,TRUE,1.8406007662082986,2008-07-01,0.8818086813207439,2003
23,SR,Santa Rosa Island,TC,Trancion Canyon,2009,Inside,TRUE,1.638938810974839,2009-07-01,0.852412955559787,2003
23,SR,Santa Rosa Island,TC,Trancion Canyon,2010,Inside,TRUE,1.3539771688455104,2010-07-01,0.8482676257921152,2003
23,SR,Santa Rosa Island,TC,Trancion Canyon,2011,Inside,TRUE,1.3707334728193916,2011-07-01,0.8058747437377267,2003
23,SR,Santa Rosa Island,TC,Trancion Canyon,2012,Inside,TRUE,1.6741506486729212,2012-07-01,0.737080527642265,2003
23,SR,Santa Rosa Island,TC,Trancion Canyon,2013,Inside,TRUE,1.7304278537304363,2013-07-01,0.7721286619534177,2003
23,SR,Santa Rosa Island,TC,Trancion Canyon,2014,Inside,TRUE,1.723034404096266,2014-07-01,0.7873064647008445,2003
23,SR,Santa Rosa Island,TC,Trancion Canyon,2015,Inside,TRUE,1.4250948678969215,2015-07-01,0.7934124480515986,2003
23,SR,Santa Rosa Island,TC,Trancion Canyon,2016,Inside,TRUE,1.1935046982597413,2016-07-01,0.7728907069889662,2003
23,SR,Santa Rosa Island,TC,Trancion Canyon,2017,Inside,TRUE,1.1322837672475334,2017-07-01,0.7742925685699654,2003
23,SR,Santa Rosa Island,TC,Trancion Canyon,2018,Inside,TRUE,0.8587813833894439,2018-07-01,0.7630554344571662,2003
23,SR,Santa Rosa Island,TC,Trancion Canyon,2019,Inside,TRUE,1.2094013043083807,2019-07-01,0.7934642296475868,2003
24,SR,Santa Rosa Island,CSAW,Chickasaw,2005,Inside,TRUE,2.0191639533383947,2005-07-01,0.815523174888138,2003
24,SR,Santa Rosa Island,CSAW,Chickasaw,2006,Inside,TRUE,2.2792468483805224,2006-07-01,0.8462470907821997,2003
24,SR,Santa Rosa Island,CSAW,Chickasaw,2007,Inside,TRUE,2.2692649907782414,2007-07-01,0.8652968209201075,2003
24,SR,Santa Rosa Island,CSAW,Chickasaw,2008,Inside,TRUE,2.085082462234856,2008-07-01,0.8710457456794023,2003
24,SR,Santa Rosa Island,CSAW,Chickasaw,2009,Inside,TRUE,1.971292532363396,2009-07-01,0.8659677801818695,2003
24,SR,Santa Rosa Island,CSAW,Chickasaw,2010,Inside,TRUE,2.0625280773298305,2010-07-01,0.8453076496624503,2003
24,SR,Santa Rosa Island,CSAW,Chickasaw,2011,Inside,TRUE,1.9192829147912547,2011-07-01,0.814437064778498,2003
24,SR,Santa Rosa Island,CSAW,Chickasaw,2012,Inside,TRUE,1.6231906086638508,2012-07-01,0.8729652583679052,2003
24,SR,Santa Rosa Island,CSAW,Chickasaw,2013,Inside,TRUE,1.7479044766601841,2013-07-01,0.8539475395242617,2003
24,SR,Santa Rosa Island,CSAW,Chickasaw,2014,Inside,TRUE,1.6534983993641303,2014-07-01,0.8366479366129914,2003
24,SR,Santa Rosa Island,CSAW,Chickasaw,2015,Inside,TRUE,1.3617318939686742,2015-07-01,0.84580302568351,2003
24,SR,Santa Rosa Island,CSAW,Chickasaw,2016,Inside,TRUE,1.358220399157862,2016-07-01,0.8500502709059469,2003
24,SR,Santa Rosa Island,CSAW,Chickasaw,2017,Inside,TRUE,1.1796357542223208,2017-07-01,0.8318726460050373,2003
24,SR,Santa Rosa Island,CSAW,Chickasaw,2018,Inside,TRUE,1.142919554749733,2018-07-01,0.8424391713638878,2003
24,SR,Santa Rosa Island,CSAW,Chickasaw,2019,Inside,TRUE,1.0488951033336702,2019-07-01,0.8436635436091428,2003
25,SR,Santa Rosa Island,SP,South Point,2005,Inside,TRUE,1.7293719553601892,2005-07-01,0.8372295683495798,2003
25,SR,Santa Rosa Island,SP,South Point,2006,Inside,TRUE,2.013557808371741,2006-07-01,0.8619239366501743,2003
25,SR,Santa Rosa Island,SP,South Point,2007,Inside,TRUE,1.9923397158811031,2007-07-01,0.8637065291037478,2003
25,SR,Santa Rosa Island,SP,South Point,2008,Inside,TRUE,1.981573596766018,2008-07-01,0.8542466896421494,2003
25,SR,Santa Rosa Island,SP,South Point,2009,Inside,TRUE,2.0675228142309585,2009-07-01,0.8788100767214647,2003
25,SR,Santa Rosa Island,SP,South Point,2010,Inside,TRUE,1.788648647550348,2010-07-01,0.868980943534145,2003
25,SR,Santa Rosa Island,SP,South Point,2011,Inside,TRUE,1.7517565905344081,2011-07-01,0.8343696335634071,2003
25,SR,Santa Rosa Island,SP,South Point,2012,Inside,TRUE,1.747378373953579,2012-07-01,0.88567169371171,2003
25,SR,Santa Rosa Island,SP,South Point,2013,Inside,TRUE,2.0121423088633392,2013-07-01,0.8647785441352934,2003
25,SR,Santa Rosa Island,SP,South Point,2014,Inside,TRUE,1.5942646152703261,2014-07-01,0.8861997805317695,2003
25,SR,Santa Rosa Island,SP,South Point,2015,Inside,TRUE,1.5042329127523855,2015-07-01,0.9005609080319706,2003
25,SR,Santa Rosa Island,SP,South Point,2016,Inside,TRUE,1.3848869087410605,2016-07-01,0.8525255256791127,2003
25,SR,Santa Rosa Island,SP,South Point,2017,Inside,TRUE,1.5909883876562603,2017-07-01,0.8941059434319485,2003
25,SR,Santa Rosa Island,SP,South Point,2018,Inside,TRUE,0.8025625202922493,2018-07-01,0.8885492238391621,2003
25,SR,Santa Rosa Island,SP,South Point,2019,Inside,TRUE,1.3445905649904353,2019-07-01,0.8922787829178003,2003
26,SC,Santa Cruz Island,DPM,Devil's Peak Member,2005,Outside,TRUE,0.8567697520287134,2005-07-01,0.7600195587563651,Outside
26,SC,Santa Cruz Island,DPM,Devil's Peak Member,2006,Outside,TRUE,0.9091352457500379,2006-07-01,0.7809666686372791,Outside
26,SC,Santa Cruz Island,DPM,Devil's Peak Member,2007,Outside,TRUE,1.1153460169467329,2007-07-01,0.8008500578345861,Outside
26,SC,Santa Cruz Island,DPM,Devil's Peak Member,2008,Outside,TRUE,1.003368166783029,2008-07-01,0.7122497684191889,Outside
26,SC,Santa Cruz Island,DPM,Devil's Peak Member,2009,Outside,TRUE,1.0889840732559368,2009-07-01,0.794204328963336,Outside
26,SC,Santa Cruz Island,DPM,Devil's Peak Member,2010,Outside,TRUE,1.2189458017077335,2010-07-01,0.7455028265167343,Outside
26,SC,Santa Cruz Island,DPM,Devil's Peak Member,2011,Outside,TRUE,1.4195146392183806,2011-07-01,0.7488669679667982,Outside
26,SC,Santa Cruz Island,DPM,Devil's Peak Member,2012,Outside,TRUE,1.1597585070777403,2012-07-01,0.7118144847585055,Outside
26,SC,Santa Cruz Island,DPM,Devil's Peak Member,2013,Outside,TRUE,1.243023616534825,2013-07-01,0.7076003815398861,Outside
26,SC,Santa Cruz Island,DPM,Devil's Peak Member,2014,Outside,TRUE,1.3026466659373577,2014-07-01,0.7592066143851259,Outside
26,SC,Santa Cruz Island,DPM,Devil's Peak Member,2015,Outside,TRUE,1.650993440293859,2015-07-01,0.70677872003887,Outside
26,SC,Santa Cruz Island,DPM,Devil's Peak Member,2016,Outside,TRUE,2.4339666948345786,2016-07-01,0.7516647088890006,Outside
26,SC,Santa Cruz Island,DPM,Devil's Peak Member,2017,Outside,TRUE,2.3195892738160278,2017-07-01,0.7396079523351282,Outside
26,SC,Santa Cruz Island,DPM,Devil's Peak Member,2018,Outside,TRUE,1.4026327383025698,2018-07-01,0.757790186008052,Outside
26,SC,Santa Cruz Island,DPM,Devil's Peak Member,2019,Outside,TRUE,1.777643455723781,2019-07-01,0.7639198594979443,Outside
27,SC,Santa Cruz Island,PP,Potato Pasture,2005,Inside,TRUE,1.144001539552552,2005-07-01,0.8086347897622472,2003
27,SC,Santa Cruz Island,PP,Potato Pasture,2006,Inside,TRUE,1.0315222312497736,2006-07-01,0.7993758217519282,2003
27,SC,Santa Cruz Island,PP,Potato Pasture,2007,Inside,TRUE,1.129092680082996,2007-07-01,0.7713739084453191,2003
27,SC,Santa Cruz Island,PP,Potato Pasture,2008,Inside,TRUE,1.2690004714846757,2008-07-01,0.8317523624457526,2003
27,SC,Santa Cruz Island,PP,Potato Pasture,2009,Inside,TRUE,1.262505989870827,2009-07-01,0.7970770501759226,2003
27,SC,Santa Cruz Island,PP,Potato Pasture,2010,Inside,TRUE,1.546308610532173,2010-07-01,0.7917958564246504,2003
27,SC,Santa Cruz Island,PP,Potato Pasture,2011,Inside,TRUE,0.9074047863939082,2011-07-01,0.7768038949503282,2003
27,SC,Santa Cruz Island,PP,Potato Pasture,2012,Inside,TRUE,1.1806669579501416,2012-07-01,0.7754217562460965,2003
27,SC,Santa Cruz Island,PP,Potato Pasture,2013,Inside,TRUE,1.2508235448255198,2013-07-01,0.7815474504745901,2003
27,SC,Santa Cruz Island,PP,Potato Pasture,2014,Inside,TRUE,1.8636502038503706,2014-07-01,0.8367053605021373,2003
27,SC,Santa Cruz Island,PP,Potato Pasture,2015,Inside,TRUE,1.0921665681100678,2015-07-01,0.8471399715815434,2003
27,SC,Santa Cruz Island,PP,Potato Pasture,2016,Inside,TRUE,0.7361212737608546,2016-07-01,0.8623654302815045,2003
27,SC,Santa Cruz Island,PP,Potato Pasture,2017,Inside,TRUE,1.4284171861975978,2017-07-01,0.874423135947306,2003
27,SC,Santa Cruz Island,PP,Potato Pasture,2018,Inside,TRUE,2.209348429038665,2018-07-01,0.869803183919488,2003
27,SC,Santa Cruz Island,PP,Potato Pasture,2019,Inside,TRUE,1.9911915525902293,2019-07-01,0.8730676675905693,2003
28,SC,Santa Cruz Island,CVP,Cavern Point,2005,Inside,TRUE,0.9770361155680075,2005-07-01,0.7848989783790034,2003
28,SC,Santa Cruz Island,CVP,Cavern Point,2006,Inside,TRUE,0.9006395765010116,2006-07-01,0.7889915909126364,2003
28,SC,Santa Cruz Island,CVP,Cavern Point,2007,Inside,TRUE,0.9093512853261158,2007-07-01,0.768763836800509,2003
28,SC,Santa Cruz Island,CVP,Cavern Point,2008,Inside,TRUE,0.8652837262653817,2008-07-01,0.7848147557593856,2003
28,SC,Santa Cruz Island,CVP,Cavern Point,2009,Inside,TRUE,1.389732524941324,2009-07-01,0.752524548985372,2003
28,SC,Santa Cruz Island,CVP,Cavern Point,2010,Inside,TRUE,1.9231164618045977,2010-07-01,0.8286973240042194,2003
28,SC,Santa Cruz Island,CVP,Cavern Point,2011,Inside,TRUE,1.5560071767756691,2011-07-01,0.8594577677499511,2003
28,SC,Santa Cruz Island,CVP,Cavern Point,2012,Inside,TRUE,1.3099065363573803,2012-07-01,0.8589799767313087,2003
28,SC,Santa Cruz Island,CVP,Cavern Point,2013,Inside,TRUE,1.5729656222211104,2013-07-01,0.8426926233076744,2003
28,SC,Santa Cruz Island,CVP,Cavern Point,2014,Inside,TRUE,1.7886511687161304,2014-07-01,0.8692585422742751,2003
28,SC,Santa Cruz Island,CVP,Cavern Point,2015,Inside,TRUE,1.9476704989977356,2015-07-01,0.853009042006944,2003
28,SC,Santa Cruz Island,CVP,Cavern Point,2016,Inside,TRUE,2.0601819408072197,2016-07-01,0.8482593300501691,2003
28,SC,Santa Cruz Island,CVP,Cavern Point,2017,Inside,TRUE,2.0078703224954553,2017-07-01,0.8682703886057375,2003
28,SC,Santa Cruz Island,CVP,Cavern Point,2018,Inside,TRUE,2.4909724302367087,2018-07-01,0.8619113981396407,2003
28,SC,Santa Cruz Island,CVP,Cavern Point,2019,Inside,TRUE,2.092014213913782,2019-07-01,0.855554696917815,2003
29,SC,Santa Cruz Island,LS,Little Scorpion,2005,Outside,TRUE,1.4298219107834536,2005-07-01,0.7887277681030586,Outside
29,SC,Santa Cruz Island,LS,Little Scorpion,2006,Outside,TRUE,1.516177663674142,2006-07-01,0.7966223879915381,Outside
29,SC,Santa Cruz Island,LS,Little Scorpion,2007,Outside,TRUE,1.5859036162872775,2007-07-01,0.8182139578695192,Outside
29,SC,Santa Cruz Island,LS,Little Scorpion,2008,Outside,TRUE,1.5131989513994475,2008-07-01,0.8210835808781755,Outside
29,SC,Santa Cruz Island,LS,Little Scorpion,2009,Outside,TRUE,1.69850917576711,2009-07-01,0.8026087096121708,Outside
29,SC,Santa Cruz Island,LS,Little Scorpion,2010,Outside,TRUE,1.6204403922336814,2010-07-01,0.8005309406857101,Outside
29,SC,Santa Cruz Island,LS,Little Scorpion,2011,Outside,TRUE,1.3736772778292872,2011-07-01,0.7834104771255195,Outside
29,SC,Santa Cruz Island,LS,Little Scorpion,2012,Outside,TRUE,1.2775214400658956,2012-07-01,0.7616015046478708,Outside
29,SC,Santa Cruz Island,LS,Little Scorpion,2013,Outside,TRUE,1.1226033608674348,2013-07-01,0.7570347743067594,Outside
29,SC,Santa Cruz Island,LS,Little Scorpion,2014,Outside,TRUE,1.2411330571134596,2014-07-01,0.744374982620509,Outside
29,SC,Santa Cruz Island,LS,Little Scorpion,2015,Outside,TRUE,1.394880788872095,2015-07-01,0.758145557299843,Outside
29,SC,Santa Cruz Island,LS,Little Scorpion,2016,Outside,TRUE,2.0534827458513703,2016-07-01,0.7537259287312874,Outside
29,SC,Santa Cruz Island,LS,Little Scorpion,2017,Outside,TRUE,2.224367406052536,2017-07-01,0.7510438442063612,Outside
29,SC,Santa Cruz Island,LS,Little Scorpion,2018,Outside,TRUE,1.9636130712256148,2018-07-01,0.7913109092499013,Outside
29,SC,Santa Cruz Island,LS,Little Scorpion,2019,Outside,TRUE,1.945956824847893,2019-07-01,0.7542956720984034,Outside
30,SC,Santa Cruz Island,PRF,Pedro Reef,2005,Outside,TRUE,0.7852767914345188,2005-07-01,0.7476762019230769,Outside
30,SC,Santa Cruz Island,PRF,Pedro Reef,2006,Outside,TRUE,0.7943881111208035,2006-07-01,0.792254561766814,Outside
30,SC,Santa Cruz Island,PRF,Pedro Reef,2007,Outside,TRUE,0.8358899340992054,2007-07-01,0.7643512061361428,Outside
30,SC,Santa Cruz Island,PRF,Pedro Reef,2008,Outside,TRUE,0.7787782303350743,2008-07-01,0.771276878359506,Outside
30,SC,Santa Cruz Island,PRF,Pedro Reef,2009,Outside,TRUE,0.6719529003966164,2009-07-01,0.7861053233700125,Outside
30,SC,Santa Cruz Island,PRF,Pedro Reef,2010,Outside,TRUE,0.7528335116491814,2010-07-01,0.7559979634532498,Outside
30,SC,Santa Cruz Island,PRF,Pedro Reef,2011,Outside,TRUE,0.6846218543996883,2011-07-01,0.8001550278729035,Outside
30,SC,Santa Cruz Island,PRF,Pedro Reef,2012,Outside,TRUE,0.7460219810143602,2012-07-01,0.7358293673973,Outside
30,SC,Santa Cruz Island,PRF,Pedro Reef,2013,Outside,TRUE,0.7478741832658087,2013-07-01,0.8207611881697926,Outside
30,SC,Santa Cruz Island,PRF,Pedro Reef,2014,Outside,TRUE,0.6338202067006402,2014-07-01,0.7991077160638855,Outside
30,SC,Santa Cruz Island,PRF,Pedro Reef,2015,Outside,TRUE,0.8053139336226898,2015-07-01,0.767575665,Outside
30,SC,Santa Cruz Island,PRF,Pedro Reef,2016,Outside,TRUE,0.7754083970014735,2016-07-01,0.8150769823811891,Outside
30,SC,Santa Cruz Island,PRF,Pedro Reef,2017,Outside,TRUE,1.392740550341932,2017-07-01,0.7225120142714597,Outside
30,SC,Santa Cruz Island,PRF,Pedro Reef,2018,Outside,TRUE,1.2317599176129435,2018-07-01,0.7475193846667404,Outside
30,SC,Santa Cruz Island,PRF,Pedro Reef,2019,Outside,TRUE,1.4782572257487212,2019-07-01,0.769084322635781,Outside
31,AN,Anacapa Island,KH,Keyhole,2005,Inside,FALSE,2.0915804621097824,2005-07-01,0.8547667600752404,2003
31,AN,Anacapa Island,KH,Keyhole,2006,Inside,FALSE,2.129054729679233,2006-07-01,0.8331454609435247,2003
31,AN,Anacapa Island,KH,Keyhole,2007,Inside,FALSE,2.0829040735163606,2007-07-01,0.851911384017406,2003
31,AN,Anacapa Island,KH,Keyhole,2008,Inside,FALSE,0.8878299108560812,2008-07-01,0.8529227696894442,2003
31,AN,Anacapa Island,KH,Keyhole,2009,Inside,FALSE,1.277265810591976,2009-07-01,0.8379866543962635,2003
31,AN,Anacapa Island,KH,Keyhole,2010,Inside,FALSE,1.4265072441015554,2010-07-01,0.8172166081672189,2003
31,AN,Anacapa Island,KH,Keyhole,2011,Inside,FALSE,1.1141641464570464,2011-07-01,0.7691860563750436,2003
31,AN,Anacapa Island,KH,Keyhole,2012,Inside,FALSE,1.002141453552392,2012-07-01,0.7871908835329191,2003
31,AN,Anacapa Island,KH,Keyhole,2013,Inside,FALSE,0.8031484605904957,2013-07-01,0.7817555614483632,2003
31,AN,Anacapa Island,KH,Keyhole,2014,Inside,FALSE,1.057313253138857,2014-07-01,0.808432770730272,2003
31,AN,Anacapa Island,KH,Keyhole,2015,Inside,FALSE,0.3070732971524013,2015-07-01,0.8588802844665496,2003
31,AN,Anacapa Island,KH,Keyhole,2016,Inside,FALSE,1.338895317035526,2016-07-01,0.858145860196677,2003
31,AN,Anacapa Island,KH,Keyhole,2017,Inside,FALSE,1.305010610912963,2017-07-01,0.8620766464459653,2003
31,AN,Anacapa Island,KH,Keyhole,2018,Inside,FALSE,2.119532602855514,2018-07-01,0.8748455919936808,2003
31,AN,Anacapa Island,KH,Keyhole,2019,Inside,FALSE,2.218802990447067,2019-07-01,0.8603226464911602,2003
32,AN,Anacapa Island,EFC,East Fish Camp,2005,Outside,TRUE,0.8905546964021135,2005-07-01,0.7681156891222538,Outside
32,AN,Anacapa Island,EFC,East Fish Camp,2006,Outside,TRUE,0.8035142952223107,2006-07-01,0.7524370128777039,Outside
32,AN,Anacapa Island,EFC,East Fish Camp,2007,Outside,TRUE,1.0530509219287578,2007-07-01,0.7343502108617814,Outside
32,AN,Anacapa Island,EFC,East Fish Camp,2008,Outside,TRUE,0.8153781400449005,2008-07-01,0.7571284386212247,Outside
32,AN,Anacapa Island,EFC,East Fish Camp,2009,Outside,TRUE,0.7388921120951275,2009-07-01,0.748702422010878,Outside
32,AN,Anacapa Island,EFC,East Fish Camp,2010,Outside,TRUE,0.6482506323965367,2010-07-01,0.7714138763485338,Outside
32,AN,Anacapa Island,EFC,East Fish Camp,2011,Outside,TRUE,0.6139852734755821,2011-07-01,0.772518747110036,Outside
32,AN,Anacapa Island,EFC,East Fish Camp,2012,Outside,TRUE,0.8703713684857557,2012-07-01,0.7865915583573402,Outside
32,AN,Anacapa Island,EFC,East Fish Camp,2013,Outside,TRUE,0.7719816839156409,2013-07-01,0.7718837178568749,Outside
32,AN,Anacapa Island,EFC,East Fish Camp,2014,Outside,TRUE,0.8424077134664518,2014-07-01,0.7885609519724197,Outside
32,AN,Anacapa Island,EFC,East Fish Camp,2015,Outside,TRUE,1.1614739872409285,2015-07-01,0.7799114010400585,Outside
32,AN,Anacapa Island,EFC,East Fish Camp,2016,Outside,TRUE,1.3531710035727225,2016-07-01,0.7632267577200121,Outside
32,AN,Anacapa Island,EFC,East Fish Camp,2017,Outside,TRUE,1.2758660917721492,2017-07-01,0.7469819172344173,Outside
32,AN,Anacapa Island,EFC,East Fish Camp,2018,Outside,TRUE,1.221175849459254,2018-07-01,0.7370768223349455,Outside
32,AN,Anacapa Island,EFC,East Fish Camp,2019,Outside,TRUE,1.4408345480628866,2019-07-01,0.7588034846122802,Outside
33,AN,Anacapa Island,BSBR,Black Sea Bass Reef,2005,Inside,TRUE,1.7631651497791518,2005-07-01,0.7663706942976029,2003
33,AN,Anacapa Island,BSBR,Black Sea Bass Reef,2006,Inside,TRUE,1.7274421962131656,2006-07-01,0.7760733291315182,2003
33,AN,Anacapa Island,BSBR,Black Sea Bass Reef,2007,Inside,TRUE,2.073564439023758,2007-07-01,0.7798663596318725,2003
33,AN,Anacapa Island,BSBR,Black Sea Bass Reef,2008,Inside,TRUE,1.770751294082973,2008-07-01,0.7981013885445043,2003
33,AN,Anacapa Island,BSBR,Black Sea Bass Reef,2009,Inside,TRUE,0.9583568426306024,2009-07-01,0.7962737527519249,2003
33,AN,Anacapa Island,BSBR,Black Sea Bass Reef,2010,Inside,TRUE,0.9396617530806315,2010-07-01,0.8050195734853145,2003
33,AN,Anacapa Island,BSBR,Black Sea Bass Reef,2011,Inside,TRUE,1.0674446549499217,2011-07-01,0.7636366464921044,2003
33,AN,Anacapa Island,BSBR,Black Sea Bass Reef,2012,Inside,TRUE,1.6735840669497413,2012-07-01,0.761932098851732,2003
33,AN,Anacapa Island,BSBR,Black Sea Bass Reef,2013,Inside,TRUE,1.6548290029189363,2013-07-01,0.7896581743600947,2003
33,AN,Anacapa Island,BSBR,Black Sea Bass Reef,2014,Inside,TRUE,1.7853125615369496,2014-07-01,0.8142229637839393,2003
33,AN,Anacapa Island,BSBR,Black Sea Bass Reef,2015,Inside,TRUE,0.5829761090527069,2015-07-01,0.8287222647179688,2003
33,AN,Anacapa Island,BSBR,Black Sea Bass Reef,2016,Inside,TRUE,0.41145035392778156,2016-07-01,0.8113827864010574,2003
33,AN,Anacapa Island,BSBR,Black Sea Bass Reef,2017,Inside,TRUE,0.9212569934718156,2017-07-01,0.8105288144406071,2003
33,AN,Anacapa Island,BSBR,Black Sea Bass Reef,2018,Inside,TRUE,1.7180747569652484,2018-07-01,0.8004115442024653,2003
33,AN,Anacapa Island,BSBR,Black Sea Bass Reef,2019,Inside,TRUE,1.9904003671263453,2019-07-01,0.8305207535711759,2003
34,AN,Anacapa Island,LH,Lighthouse,2005,Outside,TRUE,1.449845749901279,2005-07-01,0.8531848075227136,Outside
34,AN,Anacapa Island,LH,Lighthouse,2006,Outside,TRUE,0.7637148903402948,2006-07-01,0.823022164098609,Outside
34,AN,Anacapa Island,LH,Lighthouse,2007,Outside,TRUE,1.090895566399565,2007-07-01,0.8066541875723201,Outside
34,AN,Anacapa Island,LH,Lighthouse,2008,Outside,TRUE,0.946517205940478,2008-07-01,0.8310741160758933,Outside
34,AN,Anacapa Island,LH,Lighthouse,2009,Outside,TRUE,0.8780870182105279,2009-07-01,0.7574771276397333,Outside
34,AN,Anacapa Island,LH,Lighthouse,2010,Outside,TRUE,0.6031297519030623,2010-07-01,0.8048321491823043,Outside
34,AN,Anacapa Island,LH,Lighthouse,2011,Outside,TRUE,0.6189906792866295,2011-07-01,0.7446244439026621,Outside
34,AN,Anacapa Island,LH,Lighthouse,2012,Outside,TRUE,0.6851788255259016,2012-07-01,0.803455685604227,Outside
34,AN,Anacapa Island,LH,Lighthouse,2013,Outside,TRUE,0.6199225468215062,2013-07-01,0.7716986548132574,Outside
34,AN,Anacapa Island,LH,Lighthouse,2014,Outside,TRUE,0.6107255307744823,2014-07-01,0.8301860342743022,Outside
34,AN,Anacapa Island,LH,Lighthouse,2015,Outside,TRUE,0.8825124610592764,2015-07-01,0.791234959974653,Outside
34,AN,Anacapa Island,LH,Lighthouse,2016,Outside,TRUE,1.4375646546532983,2016-07-01,0.8250726145516961,Outside
34,AN,Anacapa Island,LH,Lighthouse,2017,Outside,TRUE,1.9334215097483818,2017-07-01,0.8500961367932273,Outside
34,AN,Anacapa Island,LH,Lighthouse,2018,Outside,TRUE,1.563413503381489,2018-07-01,0.8612986321222252,Outside
34,AN,Anacapa Island,LH,Lighthouse,2019,Outside,TRUE,1.341028269850517,2019-07-01,0.8410346612277936,Outside
35,SB,Santa Barbara Island,WA,Webster's Arch,2005,Outside,TRUE,0.727072240912964,2005-07-01,0.7326736075197696,Outside
35,SB,Santa Barbara Island,WA,Webster's Arch,2006,Outside,TRUE,0.7001821074819559,2006-07-01,0.7308960227726568,Outside
35,SB,Santa Barbara Island,WA,Webster's Arch,2007,Outside,TRUE,0.5687447158703655,2007-07-01,0.726402464268851,Outside
35,SB,Santa Barbara Island,WA,Webster's Arch,2008,Outside,TRUE,0.6369053083772209,2008-07-01,0.7831109304949225,Outside
35,SB,Santa Barbara Island,WA,Webster's Arch,2009,Outside,TRUE,0.8193872902008915,2009-07-01,0.7485181261820699,Outside
35,SB,Santa Barbara Island,WA,Webster's Arch,2010,Outside,TRUE,0.8856010999960046,2010-07-01,0.7276961163866569,Outside
35,SB,Santa Barbara Island,WA,Webster's Arch,2011,Outside,TRUE,0.7458982607056518,2011-07-01,0.7567485127578641,Outside
35,SB,Santa Barbara Island,WA,Webster's Arch,2012,Outside,TRUE,0.9599966539929315,2012-07-01,0.7550490126474652,Outside
35,SB,Santa Barbara Island,WA,Webster's Arch,2013,Outside,TRUE,0.9641135292447383,2013-07-01,0.7364469507649569,Outside
35,SB,Santa Barbara Island,WA,Webster's Arch,2014,Outside,TRUE,1.5665688242313236,2014-07-01,0.8096606417458265,Outside
35,SB,Santa Barbara Island,WA,Webster's Arch,2015,Outside,TRUE,2.1785677055571533,2015-07-01,0.8150116716276213,Outside
35,SB,Santa Barbara Island,WA,Webster's Arch,2016,Outside,TRUE,1.7452003344520925,2016-07-01,0.7973006831487056,Outside
35,SB,Santa Barbara Island,WA,Webster's Arch,2017,Outside,TRUE,1.5596405063232128,2017-07-01,0.82209030518774,Outside
35,SB,Santa Barbara Island,WA,Webster's Arch,2018,Outside,TRUE,1.197226090085447,2018-07-01,0.8046632426371965,Outside
35,SB,Santa Barbara Island,WA,Webster's Arch,2019,Outside,TRUE,1.3760034572986812,2019-07-01,0.8004469107429721,Outside
36,SB,Santa Barbara Island,GC,Graveyard Canyon,2005,Inside,TRUE,1.0580828494323546,2005-07-01,0.8176595348645883,2003
36,SB,Santa Barbara Island,GC,Graveyard Canyon,2006,Inside,TRUE,0.9206343638935417,2006-07-01,0.80639772518613,2003
36,SB,Santa Barbara Island,GC,Graveyard Canyon,2007,Inside,TRUE,0.9027452825805541,2007-07-01,0.8077431692263155,2003
36,SB,Santa Barbara Island,GC,Graveyard Canyon,2008,Inside,TRUE,0.8652106088419439,2008-07-01,0.8288017142540569,2003
36,SB,Santa Barbara Island,GC,Graveyard Canyon,2009,Inside,TRUE,0.6832529356100865,2009-07-01,0.816642669668213,2003
36,SB,Santa Barbara Island,GC,Graveyard Canyon,2010,Inside,TRUE,0.5480399647964145,2010-07-01,0.8478473430033338,2003
36,SB,Santa Barbara Island,GC,Graveyard Canyon,2011,Inside,TRUE,0.35681205362404483,2011-07-01,0.8334227342356663,2003
36,SB,Santa Barbara Island,GC,Graveyard Canyon,2012,Inside,TRUE,0.37369966393538406,2012-07-01,0.839520703130864,2003
36,SB,Santa Barbara Island,GC,Graveyard Canyon,2013,Inside,TRUE,1.109576348645068,2013-07-01,0.8684631233625519,2003
36,SB,Santa Barbara Island,GC,Graveyard Canyon,2014,Inside,TRUE,1.2542967042039468,2014-07-01,0.8622062595132016,2003
36,SB,Santa Barbara Island,GC,Graveyard Canyon,2015,Inside,TRUE,1.8425439677280073,2015-07-01,0.8693862431283165,2003
36,SB,Santa Barbara Island,GC,Graveyard Canyon,2016,Inside,TRUE,0.6066382172497496,2016-07-01,0.8950194739605093,2003
36,SB,Santa Barbara Island,GC,Graveyard Canyon,2017,Inside,TRUE,1.8802618286542396,2017-07-01,0.8861182934830453,2003
36,SB,Santa Barbara Island,GC,Graveyard Canyon,2018,Inside,TRUE,2.3290182078331174,2018-07-01,0.8763037053369062,2003
36,SB,Santa Barbara Island,GC,Graveyard Canyon,2019,Inside,TRUE,2.1631571066025677,2019-07-01,0.8679028895449183,2003
37,SB,Santa Barbara Island,SER,Southeast Reef,2005,Inside,TRUE,1.3705893605608368,2005-07-01,0.8172511832306049,2003
37,SB,Santa Barbara Island,SER,Southeast Reef,2006,Inside,TRUE,1.258708316807623,2006-07-01,0.8070684942909141,2003
37,SB,Santa Barbara Island,SER,Southeast Reef,2007,Inside,TRUE,1.2790235662552731,2007-07-01,0.7847751336289827,2003
37,SB,Santa Barbara Island,SER,Southeast Reef,2008,Inside,TRUE,1.1110949707329802,2008-07-01,0.8317420990503548,2003
37,SB,Santa Barbara Island,SER,Southeast Reef,2009,Inside,TRUE,1.4287981637679263,2009-07-01,0.8406698498209281,2003
37,SB,Santa Barbara Island,SER,Southeast Reef,2010,Inside,TRUE,1.6323250987670292,2010-07-01,0.858513827611315,2003
37,SB,Santa Barbara Island,SER,Southeast Reef,2011,Inside,TRUE,1.5001116475066023,2011-07-01,0.8802613747447824,2003
37,SB,Santa Barbara Island,SER,Southeast Reef,2012,Inside,TRUE,1.5896292537448877,2012-07-01,0.8322874841131656,2003
37,SB,Santa Barbara Island,SER,Southeast Reef,2013,Inside,TRUE,1.6242808108226097,2013-07-01,0.850986343477065,2003
37,SB,Santa Barbara Island,SER,Southeast Reef,2014,Inside,TRUE,1.662821376897913,2014-07-01,0.8479349469037248,2003
37,SB,Santa Barbara Island,SER,Southeast Reef,2015,Inside,TRUE,2.090163841671979,2015-07-01,0.8541172005762826,2003
37,SB,Santa Barbara Island,SER,Southeast Reef,2016,Inside,TRUE,1.9210468391466249,2016-07-01,0.8396100625357912,2003
37,SB,Santa Barbara Island,SER,Southeast Reef,2017,Inside,TRUE,2.089524033138194,2017-07-01,0.8661944149611573,2003
37,SB,Santa Barbara Island,SER,Southeast Reef,2018,Inside,TRUE,2.356250578969986,2018-07-01,0.8553898830271801,2003
37,SB,Santa Barbara Island,SER,Southeast Reef,2019,Inside,TRUE,2.304341748717383,2019-07-01,0.8745296978548164,2003
