SiteCode,SiteName,IslandCode,IslandName,ScientificName,SurveyYear,ReserveStatus,Percent_Cover
AP,Arch Point,SB,Santa Barbara Island,Cobble,2005,Outside,17.8333
AP,Arch Point,SB,Santa Barbara Island,Cobble,2006,Outside,18.5
AP,Arch Point,SB,Santa Barbara Island,Cobble,2007,Outside,6.3333
AP,Arch Point,SB,Santa Barbara Island,Cobble,2008,Outside,11.3333
AP,Arch Point,SB,Santa Barbara Island,Cobble,2009,Outside,5.1667
AP,Arch Point,SB,Santa Barbara Island,Cobble,2010,Outside,9
AP,Arch Point,SB,Santa Barbara Island,Cobble,2011,Outside,9.5
AP,Arch Point,SB,Santa Barbara Island,Cobble,2012,Outside,8.1667
AP,Arch Point,SB,Santa Barbara Island,Cobble,2013,Outside,9
AP,Arch Point,SB,Santa Barbara Island,Cobble,2014,Outside,4
AP,Arch Point,SB,Santa Barbara Island,Cobble,2015,Outside,11.5
AP,Arch Point,SB,Santa Barbara Island,Cobble,2016,Outside,21
AP,Arch Point,SB,Santa Barbara Island,Cobble,2017,Outside,12.5
AP,Arch Point,SB,Santa Barbara Island,Cobble,2018,Outside,22.1667
AP,Arch Point,SB,Santa Barbara Island,Cobble,2019,Outside,16.8333
AP,Arch Point,SB,Santa Barbara Island,Rock,2005,Outside,79
AP,Arch Point,SB,Santa Barbara Island,Rock,2006,Outside,81
AP,Arch Point,SB,Santa Barbara Island,Rock,2007,Outside,92.8333
AP,Arch Point,SB,Santa Barbara Island,Rock,2008,Outside,85.6667
AP,Arch Point,SB,Santa Barbara Island,Rock,2009,Outside,94.3333
AP,Arch Point,SB,Santa Barbara Island,Rock,2010,Outside,90.3333
AP,Arch Point,SB,Santa Barbara Island,Rock,2011,Outside,87.8333
AP,Arch Point,SB,Santa Barbara Island,Rock,2012,Outside,91.6667
AP,Arch Point,SB,Santa Barbara Island,Rock,2013,Outside,84.8333
AP,Arch Point,SB,Santa Barbara Island,Rock,2014,Outside,91
AP,Arch Point,SB,Santa Barbara Island,Rock,2015,Outside,71.5
AP,Arch Point,SB,Santa Barbara Island,Rock,2016,Outside,76.8333
AP,Arch Point,SB,Santa Barbara Island,Rock,2017,Outside,87.5
AP,Arch Point,SB,Santa Barbara Island,Rock,2018,Outside,75.5
AP,Arch Point,SB,Santa Barbara Island,Rock,2019,Outside,82.1667
AP,Arch Point,SB,Santa Barbara Island,Sand,2005,Outside,3.1667
AP,Arch Point,SB,Santa Barbara Island,Sand,2006,Outside,0.5
AP,Arch Point,SB,Santa Barbara Island,Sand,2007,Outside,0.8333
AP,Arch Point,SB,Santa Barbara Island,Sand,2008,Outside,3
AP,Arch Point,SB,Santa Barbara Island,Sand,2009,Outside,0.5
AP,Arch Point,SB,Santa Barbara Island,Sand,2010,Outside,0.6667
AP,Arch Point,SB,Santa Barbara Island,Sand,2011,Outside,2.6667
AP,Arch Point,SB,Santa Barbara Island,Sand,2012,Outside,0.1667
AP,Arch Point,SB,Santa Barbara Island,Sand,2013,Outside,6.1667
AP,Arch Point,SB,Santa Barbara Island,Sand,2014,Outside,5
AP,Arch Point,SB,Santa Barbara Island,Sand,2015,Outside,17
AP,Arch Point,SB,Santa Barbara Island,Sand,2016,Outside,2.1667
AP,Arch Point,SB,Santa Barbara Island,Sand,2017,Outside,0
AP,Arch Point,SB,Santa Barbara Island,Sand,2018,Outside,2.3333
AP,Arch Point,SB,Santa Barbara Island,Sand,2019,Outside,1
AR,Admiral's Reef,AN,Anacapa Island,Cobble,2005,Outside,5.1667
AR,Admiral's Reef,AN,Anacapa Island,Cobble,2006,Outside,0.6667
AR,Admiral's Reef,AN,Anacapa Island,Cobble,2007,Outside,8.3333
AR,Admiral's Reef,AN,Anacapa Island,Cobble,2008,Outside,2.3333
AR,Admiral's Reef,AN,Anacapa Island,Cobble,2009,Outside,9.6667
AR,Admiral's Reef,AN,Anacapa Island,Cobble,2010,Outside,13.3333
AR,Admiral's Reef,AN,Anacapa Island,Cobble,2011,Outside,1.5
AR,Admiral's Reef,AN,Anacapa Island,Cobble,2012,Outside,2.6667
AR,Admiral's Reef,AN,Anacapa Island,Cobble,2013,Outside,2
AR,Admiral's Reef,AN,Anacapa Island,Cobble,2014,Outside,1.6667
AR,Admiral's Reef,AN,Anacapa Island,Cobble,2015,Outside,3
AR,Admiral's Reef,AN,Anacapa Island,Cobble,2016,Outside,4
AR,Admiral's Reef,AN,Anacapa Island,Cobble,2017,Outside,3.8333
AR,Admiral's Reef,AN,Anacapa Island,Cobble,2018,Outside,3
AR,Admiral's Reef,AN,Anacapa Island,Cobble,2019,Outside,6.5
AR,Admiral's Reef,AN,Anacapa Island,Rock,2005,Outside,87.1667
AR,Admiral's Reef,AN,Anacapa Island,Rock,2006,Outside,93.8333
AR,Admiral's Reef,AN,Anacapa Island,Rock,2007,Outside,81
AR,Admiral's Reef,AN,Anacapa Island,Rock,2008,Outside,89.6667
AR,Admiral's Reef,AN,Anacapa Island,Rock,2009,Outside,79.8333
AR,Admiral's Reef,AN,Anacapa Island,Rock,2010,Outside,82.3333
AR,Admiral's Reef,AN,Anacapa Island,Rock,2011,Outside,90.6667
AR,Admiral's Reef,AN,Anacapa Island,Rock,2012,Outside,86.5
AR,Admiral's Reef,AN,Anacapa Island,Rock,2013,Outside,94.6667
AR,Admiral's Reef,AN,Anacapa Island,Rock,2014,Outside,83.8333
AR,Admiral's Reef,AN,Anacapa Island,Rock,2015,Outside,92
AR,Admiral's Reef,AN,Anacapa Island,Rock,2016,Outside,88.8333
AR,Admiral's Reef,AN,Anacapa Island,Rock,2017,Outside,88.5
AR,Admiral's Reef,AN,Anacapa Island,Rock,2018,Outside,88.8333
AR,Admiral's Reef,AN,Anacapa Island,Rock,2019,Outside,86.1667
AR,Admiral's Reef,AN,Anacapa Island,Sand,2005,Outside,7.6667
AR,Admiral's Reef,AN,Anacapa Island,Sand,2006,Outside,5.5
AR,Admiral's Reef,AN,Anacapa Island,Sand,2007,Outside,10.6667
AR,Admiral's Reef,AN,Anacapa Island,Sand,2008,Outside,8.1667
AR,Admiral's Reef,AN,Anacapa Island,Sand,2009,Outside,10.5
AR,Admiral's Reef,AN,Anacapa Island,Sand,2010,Outside,4.3333
AR,Admiral's Reef,AN,Anacapa Island,Sand,2011,Outside,7.8333
AR,Admiral's Reef,AN,Anacapa Island,Sand,2012,Outside,10.8333
AR,Admiral's Reef,AN,Anacapa Island,Sand,2013,Outside,3.3333
AR,Admiral's Reef,AN,Anacapa Island,Sand,2014,Outside,14.5
AR,Admiral's Reef,AN,Anacapa Island,Sand,2015,Outside,5
AR,Admiral's Reef,AN,Anacapa Island,Sand,2016,Outside,7.1667
AR,Admiral's Reef,AN,Anacapa Island,Sand,2017,Outside,7.6667
AR,Admiral's Reef,AN,Anacapa Island,Sand,2018,Outside,8.1667
AR,Admiral's Reef,AN,Anacapa Island,Sand,2019,Outside,7.3333
BSBR,Black Sea Bass Reef,AN,Anacapa Island,Cobble,2005,Inside,8.1667
BSBR,Black Sea Bass Reef,AN,Anacapa Island,Cobble,2006,Inside,13.8333
BSBR,Black Sea Bass Reef,AN,Anacapa Island,Cobble,2007,Inside,6.3333
BSBR,Black Sea Bass Reef,AN,Anacapa Island,Cobble,2008,Inside,11.5
BSBR,Black Sea Bass Reef,AN,Anacapa Island,Cobble,2009,Inside,13.3333
BSBR,Black Sea Bass Reef,AN,Anacapa Island,Cobble,2010,Inside,9.3333
BSBR,Black Sea Bass Reef,AN,Anacapa Island,Cobble,2011,Inside,6.8333
BSBR,Black Sea Bass Reef,AN,Anacapa Island,Cobble,2012,Inside,12.3333
BSBR,Black Sea Bass Reef,AN,Anacapa Island,Cobble,2013,Inside,14.6667
BSBR,Black Sea Bass Reef,AN,Anacapa Island,Cobble,2014,Inside,8.5
BSBR,Black Sea Bass Reef,AN,Anacapa Island,Cobble,2015,Inside,14
BSBR,Black Sea Bass Reef,AN,Anacapa Island,Cobble,2016,Inside,7.3333
BSBR,Black Sea Bass Reef,AN,Anacapa Island,Cobble,2017,Inside,16.1667
BSBR,Black Sea Bass Reef,AN,Anacapa Island,Cobble,2018,Inside,10.5
BSBR,Black Sea Bass Reef,AN,Anacapa Island,Cobble,2019,Inside,9.8333
BSBR,Black Sea Bass Reef,AN,Anacapa Island,Rock,2005,Inside,88.1667
BSBR,Black Sea Bass Reef,AN,Anacapa Island,Rock,2006,Inside,82.6667
BSBR,Black Sea Bass Reef,AN,Anacapa Island,Rock,2007,Inside,89.8333
BSBR,Black Sea Bass Reef,AN,Anacapa Island,Rock,2008,Inside,83.1667
BSBR,Black Sea Bass Reef,AN,Anacapa Island,Rock,2009,Inside,83.6667
BSBR,Black Sea Bass Reef,AN,Anacapa Island,Rock,2010,Inside,79.3333
BSBR,Black Sea Bass Reef,AN,Anacapa Island,Rock,2011,Inside,92
BSBR,Black Sea Bass Reef,AN,Anacapa Island,Rock,2012,Inside,82.8333
BSBR,Black Sea Bass Reef,AN,Anacapa Island,Rock,2013,Inside,83.5
BSBR,Black Sea Bass Reef,AN,Anacapa Island,Rock,2014,Inside,86.5
BSBR,Black Sea Bass Reef,AN,Anacapa Island,Rock,2015,Inside,84.5
BSBR,Black Sea Bass Reef,AN,Anacapa Island,Rock,2016,Inside,92.5
BSBR,Black Sea Bass Reef,AN,Anacapa Island,Rock,2017,Inside,81
BSBR,Black Sea Bass Reef,AN,Anacapa Island,Rock,2018,Inside,89.3333
BSBR,Black Sea Bass Reef,AN,Anacapa Island,Rock,2019,Inside,89.6667
BSBR,Black Sea Bass Reef,AN,Anacapa Island,Sand,2005,Inside,3.6667
BSBR,Black Sea Bass Reef,AN,Anacapa Island,Sand,2006,Inside,3.5
BSBR,Black Sea Bass Reef,AN,Anacapa Island,Sand,2007,Inside,3.8333
BSBR,Black Sea Bass Reef,AN,Anacapa Island,Sand,2008,Inside,5.3333
BSBR,Black Sea Bass Reef,AN,Anacapa Island,Sand,2009,Inside,3
BSBR,Black Sea Bass Reef,AN,Anacapa Island,Sand,2010,Inside,11.3333
BSBR,Black Sea Bass Reef,AN,Anacapa Island,Sand,2011,Inside,1.1667
BSBR,Black Sea Bass Reef,AN,Anacapa Island,Sand,2012,Inside,4.8333
BSBR,Black Sea Bass Reef,AN,Anacapa Island,Sand,2013,Inside,1.8333
BSBR,Black Sea Bass Reef,AN,Anacapa Island,Sand,2014,Inside,5
BSBR,Black Sea Bass Reef,AN,Anacapa Island,Sand,2015,Inside,1.5
BSBR,Black Sea Bass Reef,AN,Anacapa Island,Sand,2016,Inside,0.1667
BSBR,Black Sea Bass Reef,AN,Anacapa Island,Sand,2017,Inside,2.8333
BSBR,Black Sea Bass Reef,AN,Anacapa Island,Sand,2018,Inside,0.1667
BSBR,Black Sea Bass Reef,AN,Anacapa Island,Sand,2019,Inside,0.5
CAT,Cat Canyon,SB,Santa Barbara Island,Cobble,2005,Outside,5.1667
CAT,Cat Canyon,SB,Santa Barbara Island,Cobble,2006,Outside,3.6667
CAT,Cat Canyon,SB,Santa Barbara Island,Cobble,2007,Outside,6.5
CAT,Cat Canyon,SB,Santa Barbara Island,Cobble,2008,Outside,6
CAT,Cat Canyon,SB,Santa Barbara Island,Cobble,2009,Outside,4
CAT,Cat Canyon,SB,Santa Barbara Island,Cobble,2010,Outside,1.1667
CAT,Cat Canyon,SB,Santa Barbara Island,Cobble,2011,Outside,7.3333
CAT,Cat Canyon,SB,Santa Barbara Island,Cobble,2012,Outside,1.3333
CAT,Cat Canyon,SB,Santa Barbara Island,Cobble,2013,Outside,7.8333
CAT,Cat Canyon,SB,Santa Barbara Island,Cobble,2014,Outside,3
CAT,Cat Canyon,SB,Santa Barbara Island,Cobble,2015,Outside,5
CAT,Cat Canyon,SB,Santa Barbara Island,Cobble,2016,Outside,4
CAT,Cat Canyon,SB,Santa Barbara Island,Cobble,2017,Outside,3.6667
CAT,Cat Canyon,SB,Santa Barbara Island,Cobble,2018,Outside,5.1667
CAT,Cat Canyon,SB,Santa Barbara Island,Cobble,2019,Outside,5.8333
CAT,Cat Canyon,SB,Santa Barbara Island,Rock,2005,Outside,85.8333
CAT,Cat Canyon,SB,Santa Barbara Island,Rock,2006,Outside,86.6667
CAT,Cat Canyon,SB,Santa Barbara Island,Rock,2007,Outside,91.1667
CAT,Cat Canyon,SB,Santa Barbara Island,Rock,2008,Outside,89.5
CAT,Cat Canyon,SB,Santa Barbara Island,Rock,2009,Outside,89.8333
CAT,Cat Canyon,SB,Santa Barbara Island,Rock,2010,Outside,94.6667
CAT,Cat Canyon,SB,Santa Barbara Island,Rock,2011,Outside,86.1667
CAT,Cat Canyon,SB,Santa Barbara Island,Rock,2012,Outside,96.8333
CAT,Cat Canyon,SB,Santa Barbara Island,Rock,2013,Outside,85.3333
CAT,Cat Canyon,SB,Santa Barbara Island,Rock,2014,Outside,89
CAT,Cat Canyon,SB,Santa Barbara Island,Rock,2015,Outside,87.8333
CAT,Cat Canyon,SB,Santa Barbara Island,Rock,2016,Outside,89.8333
CAT,Cat Canyon,SB,Santa Barbara Island,Rock,2017,Outside,94.3333
CAT,Cat Canyon,SB,Santa Barbara Island,Rock,2018,Outside,91.5
CAT,Cat Canyon,SB,Santa Barbara Island,Rock,2019,Outside,84.6667
CAT,Cat Canyon,SB,Santa Barbara Island,Sand,2005,Outside,9
CAT,Cat Canyon,SB,Santa Barbara Island,Sand,2006,Outside,9.6667
CAT,Cat Canyon,SB,Santa Barbara Island,Sand,2007,Outside,2.3333
CAT,Cat Canyon,SB,Santa Barbara Island,Sand,2008,Outside,4.5
CAT,Cat Canyon,SB,Santa Barbara Island,Sand,2009,Outside,6.1667
CAT,Cat Canyon,SB,Santa Barbara Island,Sand,2010,Outside,4.1667
CAT,Cat Canyon,SB,Santa Barbara Island,Sand,2011,Outside,6.5
CAT,Cat Canyon,SB,Santa Barbara Island,Sand,2012,Outside,1.8333
CAT,Cat Canyon,SB,Santa Barbara Island,Sand,2013,Outside,6.8333
CAT,Cat Canyon,SB,Santa Barbara Island,Sand,2014,Outside,8
CAT,Cat Canyon,SB,Santa Barbara Island,Sand,2015,Outside,7.1667
CAT,Cat Canyon,SB,Santa Barbara Island,Sand,2016,Outside,6.1667
CAT,Cat Canyon,SB,Santa Barbara Island,Sand,2017,Outside,2
CAT,Cat Canyon,SB,Santa Barbara Island,Sand,2018,Outside,3.3333
CAT,Cat Canyon,SB,Santa Barbara Island,Sand,2019,Outside,9.5
CC,Cathedral Cove,AN,Anacapa Island,Cobble,2005,Inside,17.1667
CC,Cathedral Cove,AN,Anacapa Island,Cobble,2006,Inside,14
CC,Cathedral Cove,AN,Anacapa Island,Cobble,2007,Inside,11.1667
CC,Cathedral Cove,AN,Anacapa Island,Cobble,2008,Inside,17.6667
CC,Cathedral Cove,AN,Anacapa Island,Cobble,2009,Inside,14.8333
CC,Cathedral Cove,AN,Anacapa Island,Cobble,2010,Inside,17.1667
CC,Cathedral Cove,AN,Anacapa Island,Cobble,2011,Inside,7.6667
CC,Cathedral Cove,AN,Anacapa Island,Cobble,2012,Inside,5.6667
CC,Cathedral Cove,AN,Anacapa Island,Cobble,2013,Inside,36.1667
CC,Cathedral Cove,AN,Anacapa Island,Cobble,2014,Inside,24
CC,Cathedral Cove,AN,Anacapa Island,Cobble,2015,Inside,29.8333
CC,Cathedral Cove,AN,Anacapa Island,Cobble,2016,Inside,20.5
CC,Cathedral Cove,AN,Anacapa Island,Cobble,2017,Inside,15.6667
CC,Cathedral Cove,AN,Anacapa Island,Cobble,2018,Inside,11.3333
CC,Cathedral Cove,AN,Anacapa Island,Cobble,2019,Inside,16.1667
CC,Cathedral Cove,AN,Anacapa Island,Rock,2005,Inside,63.8333
CC,Cathedral Cove,AN,Anacapa Island,Rock,2006,Inside,76.8333
CC,Cathedral Cove,AN,Anacapa Island,Rock,2007,Inside,79.6667
CC,Cathedral Cove,AN,Anacapa Island,Rock,2008,Inside,65
CC,Cathedral Cove,AN,Anacapa Island,Rock,2009,Inside,66.6667
CC,Cathedral Cove,AN,Anacapa Island,Rock,2010,Inside,71.5
CC,Cathedral Cove,AN,Anacapa Island,Rock,2011,Inside,77.8333
CC,Cathedral Cove,AN,Anacapa Island,Rock,2012,Inside,79
CC,Cathedral Cove,AN,Anacapa Island,Rock,2013,Inside,59.6667
CC,Cathedral Cove,AN,Anacapa Island,Rock,2014,Inside,62.8333
CC,Cathedral Cove,AN,Anacapa Island,Rock,2015,Inside,64
CC,Cathedral Cove,AN,Anacapa Island,Rock,2016,Inside,66.3333
CC,Cathedral Cove,AN,Anacapa Island,Rock,2017,Inside,77.1667
CC,Cathedral Cove,AN,Anacapa Island,Rock,2018,Inside,80.3333
CC,Cathedral Cove,AN,Anacapa Island,Rock,2019,Inside,78.8333
CC,Cathedral Cove,AN,Anacapa Island,Sand,2005,Inside,19
CC,Cathedral Cove,AN,Anacapa Island,Sand,2006,Inside,9.1667
CC,Cathedral Cove,AN,Anacapa Island,Sand,2007,Inside,9.1667
CC,Cathedral Cove,AN,Anacapa Island,Sand,2008,Inside,17.3333
CC,Cathedral Cove,AN,Anacapa Island,Sand,2009,Inside,18.5
CC,Cathedral Cove,AN,Anacapa Island,Sand,2010,Inside,11.3333
CC,Cathedral Cove,AN,Anacapa Island,Sand,2011,Inside,14.5
CC,Cathedral Cove,AN,Anacapa Island,Sand,2012,Inside,15.3333
CC,Cathedral Cove,AN,Anacapa Island,Sand,2013,Inside,4.1667
CC,Cathedral Cove,AN,Anacapa Island,Sand,2014,Inside,13.1667
CC,Cathedral Cove,AN,Anacapa Island,Sand,2015,Inside,6.1667
CC,Cathedral Cove,AN,Anacapa Island,Sand,2016,Inside,13.1667
CC,Cathedral Cove,AN,Anacapa Island,Sand,2017,Inside,7.1667
CC,Cathedral Cove,AN,Anacapa Island,Sand,2018,Inside,8.3333
CC,Cathedral Cove,AN,Anacapa Island,Sand,2019,Inside,5
CP,Cluster Point,SR,Santa Rosa Island,Cobble,2005,Outside,8.6667
CP,Cluster Point,SR,Santa Rosa Island,Cobble,2006,Outside,10.5
CP,Cluster Point,SR,Santa Rosa Island,Cobble,2007,Outside,11.3333
CP,Cluster Point,SR,Santa Rosa Island,Cobble,2008,Outside,6.5
CP,Cluster Point,SR,Santa Rosa Island,Cobble,2009,Outside,5.8333
CP,Cluster Point,SR,Santa Rosa Island,Cobble,2010,Outside,9.3333
CP,Cluster Point,SR,Santa Rosa Island,Cobble,2011,Outside,11.8333
CP,Cluster Point,SR,Santa Rosa Island,Cobble,2012,Outside,10.1667
CP,Cluster Point,SR,Santa Rosa Island,Cobble,2013,Outside,7.5
CP,Cluster Point,SR,Santa Rosa Island,Cobble,2014,Outside,3.8333
CP,Cluster Point,SR,Santa Rosa Island,Cobble,2015,Outside,5.5
CP,Cluster Point,SR,Santa Rosa Island,Cobble,2016,Outside,4.5
CP,Cluster Point,SR,Santa Rosa Island,Cobble,2017,Outside,9.3333
CP,Cluster Point,SR,Santa Rosa Island,Cobble,2018,Outside,3.1667
CP,Cluster Point,SR,Santa Rosa Island,Cobble,2019,Outside,9.6667
CP,Cluster Point,SR,Santa Rosa Island,Rock,2005,Outside,85.3333
CP,Cluster Point,SR,Santa Rosa Island,Rock,2006,Outside,83.3333
CP,Cluster Point,SR,Santa Rosa Island,Rock,2007,Outside,85
CP,Cluster Point,SR,Santa Rosa Island,Rock,2008,Outside,90.3333
CP,Cluster Point,SR,Santa Rosa Island,Rock,2009,Outside,87.3333
CP,Cluster Point,SR,Santa Rosa Island,Rock,2010,Outside,84.6667
CP,Cluster Point,SR,Santa Rosa Island,Rock,2011,Outside,79
CP,Cluster Point,SR,Santa Rosa Island,Rock,2012,Outside,77.6667
CP,Cluster Point,SR,Santa Rosa Island,Rock,2013,Outside,87.6667
CP,Cluster Point,SR,Santa Rosa Island,Rock,2014,Outside,88.1667
CP,Cluster Point,SR,Santa Rosa Island,Rock,2015,Outside,83.3333
CP,Cluster Point,SR,Santa Rosa Island,Rock,2016,Outside,90
CP,Cluster Point,SR,Santa Rosa Island,Rock,2017,Outside,84.8333
CP,Cluster Point,SR,Santa Rosa Island,Rock,2018,Outside,90
CP,Cluster Point,SR,Santa Rosa Island,Rock,2019,Outside,87.6667
CP,Cluster Point,SR,Santa Rosa Island,Sand,2005,Outside,6
CP,Cluster Point,SR,Santa Rosa Island,Sand,2006,Outside,6.1667
CP,Cluster Point,SR,Santa Rosa Island,Sand,2007,Outside,3.6667
CP,Cluster Point,SR,Santa Rosa Island,Sand,2008,Outside,3.1667
CP,Cluster Point,SR,Santa Rosa Island,Sand,2009,Outside,6.8333
CP,Cluster Point,SR,Santa Rosa Island,Sand,2010,Outside,6
CP,Cluster Point,SR,Santa Rosa Island,Sand,2011,Outside,9.1667
CP,Cluster Point,SR,Santa Rosa Island,Sand,2012,Outside,12.1667
CP,Cluster Point,SR,Santa Rosa Island,Sand,2013,Outside,4.8333
CP,Cluster Point,SR,Santa Rosa Island,Sand,2014,Outside,8
CP,Cluster Point,SR,Santa Rosa Island,Sand,2015,Outside,11.1667
CP,Cluster Point,SR,Santa Rosa Island,Sand,2016,Outside,5.5
CP,Cluster Point,SR,Santa Rosa Island,Sand,2017,Outside,5.8333
CP,Cluster Point,SR,Santa Rosa Island,Sand,2018,Outside,6.8333
CP,Cluster Point,SR,Santa Rosa Island,Sand,2019,Outside,2.6667
CSAW,Chickasaw,SR,Santa Rosa Island,Cobble,2005,Inside,0.5
CSAW,Chickasaw,SR,Santa Rosa Island,Cobble,2006,Inside,2.5
CSAW,Chickasaw,SR,Santa Rosa Island,Cobble,2007,Inside,0.6667
CSAW,Chickasaw,SR,Santa Rosa Island,Cobble,2008,Inside,0
CSAW,Chickasaw,SR,Santa Rosa Island,Cobble,2009,Inside,2.3333
CSAW,Chickasaw,SR,Santa Rosa Island,Cobble,2010,Inside,0
CSAW,Chickasaw,SR,Santa Rosa Island,Cobble,2011,Inside,0.3333
CSAW,Chickasaw,SR,Santa Rosa Island,Cobble,2012,Inside,0
CSAW,Chickasaw,SR,Santa Rosa Island,Cobble,2013,Inside,0.5
CSAW,Chickasaw,SR,Santa Rosa Island,Cobble,2014,Inside,0
CSAW,Chickasaw,SR,Santa Rosa Island,Cobble,2015,Inside,0
CSAW,Chickasaw,SR,Santa Rosa Island,Cobble,2016,Inside,0.5
CSAW,Chickasaw,SR,Santa Rosa Island,Cobble,2017,Inside,1.5
CSAW,Chickasaw,SR,Santa Rosa Island,Cobble,2018,Inside,0.3333
CSAW,Chickasaw,SR,Santa Rosa Island,Cobble,2019,Inside,2
CSAW,Chickasaw,SR,Santa Rosa Island,Rock,2005,Inside,91.8333
CSAW,Chickasaw,SR,Santa Rosa Island,Rock,2006,Inside,84.8333
CSAW,Chickasaw,SR,Santa Rosa Island,Rock,2007,Inside,79.6667
CSAW,Chickasaw,SR,Santa Rosa Island,Rock,2008,Inside,77.8333
CSAW,Chickasaw,SR,Santa Rosa Island,Rock,2009,Inside,78.5
CSAW,Chickasaw,SR,Santa Rosa Island,Rock,2010,Inside,85.6667
CSAW,Chickasaw,SR,Santa Rosa Island,Rock,2011,Inside,86.8333
CSAW,Chickasaw,SR,Santa Rosa Island,Rock,2012,Inside,76.3333
CSAW,Chickasaw,SR,Santa Rosa Island,Rock,2013,Inside,81.5
CSAW,Chickasaw,SR,Santa Rosa Island,Rock,2014,Inside,93.3333
CSAW,Chickasaw,SR,Santa Rosa Island,Rock,2015,Inside,85.1667
CSAW,Chickasaw,SR,Santa Rosa Island,Rock,2016,Inside,82.5
CSAW,Chickasaw,SR,Santa Rosa Island,Rock,2017,Inside,91
CSAW,Chickasaw,SR,Santa Rosa Island,Rock,2018,Inside,83.6667
CSAW,Chickasaw,SR,Santa Rosa Island,Rock,2019,Inside,89.1667
CSAW,Chickasaw,SR,Santa Rosa Island,Sand,2005,Inside,7.6667
CSAW,Chickasaw,SR,Santa Rosa Island,Sand,2006,Inside,12.6667
CSAW,Chickasaw,SR,Santa Rosa Island,Sand,2007,Inside,19.6667
CSAW,Chickasaw,SR,Santa Rosa Island,Sand,2008,Inside,22.1667
CSAW,Chickasaw,SR,Santa Rosa Island,Sand,2009,Inside,19.1667
CSAW,Chickasaw,SR,Santa Rosa Island,Sand,2010,Inside,14.3333
CSAW,Chickasaw,SR,Santa Rosa Island,Sand,2011,Inside,12.8333
CSAW,Chickasaw,SR,Santa Rosa Island,Sand,2012,Inside,23.6667
CSAW,Chickasaw,SR,Santa Rosa Island,Sand,2013,Inside,18
CSAW,Chickasaw,SR,Santa Rosa Island,Sand,2014,Inside,6.6667
CSAW,Chickasaw,SR,Santa Rosa Island,Sand,2015,Inside,14.8333
CSAW,Chickasaw,SR,Santa Rosa Island,Sand,2016,Inside,17
CSAW,Chickasaw,SR,Santa Rosa Island,Sand,2017,Inside,7.5
CSAW,Chickasaw,SR,Santa Rosa Island,Sand,2018,Inside,16
CSAW,Chickasaw,SR,Santa Rosa Island,Sand,2019,Inside,8.8333
CVP,Cavern Point,SC,Santa Cruz Island,Cobble,2005,Inside,10.1667
CVP,Cavern Point,SC,Santa Cruz Island,Cobble,2006,Inside,10.8333
CVP,Cavern Point,SC,Santa Cruz Island,Cobble,2007,Inside,10.6667
CVP,Cavern Point,SC,Santa Cruz Island,Cobble,2008,Inside,6.5
CVP,Cavern Point,SC,Santa Cruz Island,Cobble,2009,Inside,1.5
CVP,Cavern Point,SC,Santa Cruz Island,Cobble,2010,Inside,4.1667
CVP,Cavern Point,SC,Santa Cruz Island,Cobble,2011,Inside,5.3333
CVP,Cavern Point,SC,Santa Cruz Island,Cobble,2012,Inside,5
CVP,Cavern Point,SC,Santa Cruz Island,Cobble,2013,Inside,7.8333
CVP,Cavern Point,SC,Santa Cruz Island,Cobble,2014,Inside,12.6667
CVP,Cavern Point,SC,Santa Cruz Island,Cobble,2015,Inside,3.8333
CVP,Cavern Point,SC,Santa Cruz Island,Cobble,2016,Inside,10.8333
CVP,Cavern Point,SC,Santa Cruz Island,Cobble,2017,Inside,9.8333
CVP,Cavern Point,SC,Santa Cruz Island,Cobble,2018,Inside,12.6667
CVP,Cavern Point,SC,Santa Cruz Island,Cobble,2019,Inside,12.5
CVP,Cavern Point,SC,Santa Cruz Island,Rock,2005,Inside,82
CVP,Cavern Point,SC,Santa Cruz Island,Rock,2006,Inside,89
CVP,Cavern Point,SC,Santa Cruz Island,Rock,2007,Inside,86.3333
CVP,Cavern Point,SC,Santa Cruz Island,Rock,2008,Inside,93.1667
CVP,Cavern Point,SC,Santa Cruz Island,Rock,2009,Inside,95.5
CVP,Cavern Point,SC,Santa Cruz Island,Rock,2010,Inside,93.3333
CVP,Cavern Point,SC,Santa Cruz Island,Rock,2011,Inside,85.8333
CVP,Cavern Point,SC,Santa Cruz Island,Rock,2012,Inside,86.8333
CVP,Cavern Point,SC,Santa Cruz Island,Rock,2013,Inside,90.1667
CVP,Cavern Point,SC,Santa Cruz Island,Rock,2014,Inside,80.3333
CVP,Cavern Point,SC,Santa Cruz Island,Rock,2015,Inside,92.6667
CVP,Cavern Point,SC,Santa Cruz Island,Rock,2016,Inside,86.1667
CVP,Cavern Point,SC,Santa Cruz Island,Rock,2017,Inside,86.3333
CVP,Cavern Point,SC,Santa Cruz Island,Rock,2018,Inside,81
CVP,Cavern Point,SC,Santa Cruz Island,Rock,2019,Inside,84.8333
CVP,Cavern Point,SC,Santa Cruz Island,Sand,2005,Inside,7.8333
CVP,Cavern Point,SC,Santa Cruz Island,Sand,2006,Inside,0.1667
CVP,Cavern Point,SC,Santa Cruz Island,Sand,2007,Inside,3
CVP,Cavern Point,SC,Santa Cruz Island,Sand,2008,Inside,0.3333
CVP,Cavern Point,SC,Santa Cruz Island,Sand,2009,Inside,3
CVP,Cavern Point,SC,Santa Cruz Island,Sand,2010,Inside,2.5
CVP,Cavern Point,SC,Santa Cruz Island,Sand,2011,Inside,8.8333
CVP,Cavern Point,SC,Santa Cruz Island,Sand,2012,Inside,8.1667
CVP,Cavern Point,SC,Santa Cruz Island,Sand,2013,Inside,2
CVP,Cavern Point,SC,Santa Cruz Island,Sand,2014,Inside,7
CVP,Cavern Point,SC,Santa Cruz Island,Sand,2015,Inside,3.5
CVP,Cavern Point,SC,Santa Cruz Island,Sand,2016,Inside,3
CVP,Cavern Point,SC,Santa Cruz Island,Sand,2017,Inside,3.8333
CVP,Cavern Point,SC,Santa Cruz Island,Sand,2018,Inside,6.3333
CVP,Cavern Point,SC,Santa Cruz Island,Sand,2019,Inside,2.6667
DPM,Devil's Peak Member,SC,Santa Cruz Island,Cobble,2005,Outside,5.5
DPM,Devil's Peak Member,SC,Santa Cruz Island,Cobble,2006,Outside,2.1667
DPM,Devil's Peak Member,SC,Santa Cruz Island,Cobble,2007,Outside,0.6667
DPM,Devil's Peak Member,SC,Santa Cruz Island,Cobble,2008,Outside,2.6667
DPM,Devil's Peak Member,SC,Santa Cruz Island,Cobble,2009,Outside,10.3333
DPM,Devil's Peak Member,SC,Santa Cruz Island,Cobble,2010,Outside,1.6667
DPM,Devil's Peak Member,SC,Santa Cruz Island,Cobble,2011,Outside,5.8333
DPM,Devil's Peak Member,SC,Santa Cruz Island,Cobble,2012,Outside,3.1667
DPM,Devil's Peak Member,SC,Santa Cruz Island,Cobble,2013,Outside,4.1667
DPM,Devil's Peak Member,SC,Santa Cruz Island,Cobble,2014,Outside,0.5
DPM,Devil's Peak Member,SC,Santa Cruz Island,Cobble,2015,Outside,2.1667
DPM,Devil's Peak Member,SC,Santa Cruz Island,Cobble,2016,Outside,3.6667
DPM,Devil's Peak Member,SC,Santa Cruz Island,Cobble,2017,Outside,0.3333
DPM,Devil's Peak Member,SC,Santa Cruz Island,Cobble,2018,Outside,6.8333
DPM,Devil's Peak Member,SC,Santa Cruz Island,Cobble,2019,Outside,11.6667
DPM,Devil's Peak Member,SC,Santa Cruz Island,Rock,2005,Outside,84.8333
DPM,Devil's Peak Member,SC,Santa Cruz Island,Rock,2006,Outside,89.3333
DPM,Devil's Peak Member,SC,Santa Cruz Island,Rock,2007,Outside,95.1667
DPM,Devil's Peak Member,SC,Santa Cruz Island,Rock,2008,Outside,95.6667
DPM,Devil's Peak Member,SC,Santa Cruz Island,Rock,2009,Outside,84.6667
DPM,Devil's Peak Member,SC,Santa Cruz Island,Rock,2010,Outside,97.1667
DPM,Devil's Peak Member,SC,Santa Cruz Island,Rock,2011,Outside,91.3333
DPM,Devil's Peak Member,SC,Santa Cruz Island,Rock,2012,Outside,92.1667
DPM,Devil's Peak Member,SC,Santa Cruz Island,Rock,2013,Outside,92.6667
DPM,Devil's Peak Member,SC,Santa Cruz Island,Rock,2014,Outside,94.1667
DPM,Devil's Peak Member,SC,Santa Cruz Island,Rock,2015,Outside,93.5
DPM,Devil's Peak Member,SC,Santa Cruz Island,Rock,2016,Outside,88.5
DPM,Devil's Peak Member,SC,Santa Cruz Island,Rock,2017,Outside,98.8333
DPM,Devil's Peak Member,SC,Santa Cruz Island,Rock,2018,Outside,93
DPM,Devil's Peak Member,SC,Santa Cruz Island,Rock,2019,Outside,86.1667
DPM,Devil's Peak Member,SC,Santa Cruz Island,Sand,2005,Outside,9.6667
DPM,Devil's Peak Member,SC,Santa Cruz Island,Sand,2006,Outside,8.5
DPM,Devil's Peak Member,SC,Santa Cruz Island,Sand,2007,Outside,4.1667
DPM,Devil's Peak Member,SC,Santa Cruz Island,Sand,2008,Outside,1.6667
DPM,Devil's Peak Member,SC,Santa Cruz Island,Sand,2009,Outside,5
DPM,Devil's Peak Member,SC,Santa Cruz Island,Sand,2010,Outside,1.1667
DPM,Devil's Peak Member,SC,Santa Cruz Island,Sand,2011,Outside,2.8333
DPM,Devil's Peak Member,SC,Santa Cruz Island,Sand,2012,Outside,4.6667
DPM,Devil's Peak Member,SC,Santa Cruz Island,Sand,2013,Outside,3.1667
DPM,Devil's Peak Member,SC,Santa Cruz Island,Sand,2014,Outside,5.3333
DPM,Devil's Peak Member,SC,Santa Cruz Island,Sand,2015,Outside,4.3333
DPM,Devil's Peak Member,SC,Santa Cruz Island,Sand,2016,Outside,7.8333
DPM,Devil's Peak Member,SC,Santa Cruz Island,Sand,2017,Outside,0.8333
DPM,Devil's Peak Member,SC,Santa Cruz Island,Sand,2018,Outside,0.1667
DPM,Devil's Peak Member,SC,Santa Cruz Island,Sand,2019,Outside,2.1667
EFC,East Fish Camp,AN,Anacapa Island,Cobble,2005,Outside,4.6667
EFC,East Fish Camp,AN,Anacapa Island,Cobble,2006,Outside,3.5
EFC,East Fish Camp,AN,Anacapa Island,Cobble,2007,Outside,4.6667
EFC,East Fish Camp,AN,Anacapa Island,Cobble,2008,Outside,5.8333
EFC,East Fish Camp,AN,Anacapa Island,Cobble,2009,Outside,1.1667
EFC,East Fish Camp,AN,Anacapa Island,Cobble,2010,Outside,2.6667
EFC,East Fish Camp,AN,Anacapa Island,Cobble,2011,Outside,3.5
EFC,East Fish Camp,AN,Anacapa Island,Cobble,2012,Outside,2.8333
EFC,East Fish Camp,AN,Anacapa Island,Cobble,2013,Outside,2.3333
EFC,East Fish Camp,AN,Anacapa Island,Cobble,2014,Outside,2.5
EFC,East Fish Camp,AN,Anacapa Island,Cobble,2015,Outside,0.1667
EFC,East Fish Camp,AN,Anacapa Island,Cobble,2016,Outside,3.8333
EFC,East Fish Camp,AN,Anacapa Island,Cobble,2017,Outside,8.5
EFC,East Fish Camp,AN,Anacapa Island,Cobble,2018,Outside,4.5
EFC,East Fish Camp,AN,Anacapa Island,Cobble,2019,Outside,7.5
EFC,East Fish Camp,AN,Anacapa Island,Rock,2005,Outside,89.8333
EFC,East Fish Camp,AN,Anacapa Island,Rock,2006,Outside,88.5
EFC,East Fish Camp,AN,Anacapa Island,Rock,2007,Outside,89.5
EFC,East Fish Camp,AN,Anacapa Island,Rock,2008,Outside,84.6667
EFC,East Fish Camp,AN,Anacapa Island,Rock,2009,Outside,90.6667
EFC,East Fish Camp,AN,Anacapa Island,Rock,2010,Outside,88.6667
EFC,East Fish Camp,AN,Anacapa Island,Rock,2011,Outside,85
EFC,East Fish Camp,AN,Anacapa Island,Rock,2012,Outside,82.6667
EFC,East Fish Camp,AN,Anacapa Island,Rock,2013,Outside,89.6667
EFC,East Fish Camp,AN,Anacapa Island,Rock,2014,Outside,87.8333
EFC,East Fish Camp,AN,Anacapa Island,Rock,2015,Outside,86.5
EFC,East Fish Camp,AN,Anacapa Island,Rock,2016,Outside,93.1667
EFC,East Fish Camp,AN,Anacapa Island,Rock,2017,Outside,88.3333
EFC,East Fish Camp,AN,Anacapa Island,Rock,2018,Outside,93.1667
EFC,East Fish Camp,AN,Anacapa Island,Rock,2019,Outside,88
EFC,East Fish Camp,AN,Anacapa Island,Sand,2005,Outside,5.5
EFC,East Fish Camp,AN,Anacapa Island,Sand,2006,Outside,8
EFC,East Fish Camp,AN,Anacapa Island,Sand,2007,Outside,5.8333
EFC,East Fish Camp,AN,Anacapa Island,Sand,2008,Outside,9.5
EFC,East Fish Camp,AN,Anacapa Island,Sand,2009,Outside,8.1667
EFC,East Fish Camp,AN,Anacapa Island,Sand,2010,Outside,8.6667
EFC,East Fish Camp,AN,Anacapa Island,Sand,2011,Outside,11.5
EFC,East Fish Camp,AN,Anacapa Island,Sand,2012,Outside,14.5
EFC,East Fish Camp,AN,Anacapa Island,Sand,2013,Outside,8
EFC,East Fish Camp,AN,Anacapa Island,Sand,2014,Outside,9.6667
EFC,East Fish Camp,AN,Anacapa Island,Sand,2015,Outside,13.3333
EFC,East Fish Camp,AN,Anacapa Island,Sand,2016,Outside,3
EFC,East Fish Camp,AN,Anacapa Island,Sand,2017,Outside,3.1667
EFC,East Fish Camp,AN,Anacapa Island,Sand,2018,Outside,2.3333
EFC,East Fish Camp,AN,Anacapa Island,Sand,2019,Outside,4.5
GC,Graveyard Canyon,SB,Santa Barbara Island,Cobble,2005,Inside,2.8333
GC,Graveyard Canyon,SB,Santa Barbara Island,Cobble,2006,Inside,0.6667
GC,Graveyard Canyon,SB,Santa Barbara Island,Cobble,2007,Inside,2.3333
GC,Graveyard Canyon,SB,Santa Barbara Island,Cobble,2008,Inside,3.1667
GC,Graveyard Canyon,SB,Santa Barbara Island,Cobble,2009,Inside,10
GC,Graveyard Canyon,SB,Santa Barbara Island,Cobble,2010,Inside,3.5
GC,Graveyard Canyon,SB,Santa Barbara Island,Cobble,2011,Inside,3
GC,Graveyard Canyon,SB,Santa Barbara Island,Cobble,2012,Inside,3.6667
GC,Graveyard Canyon,SB,Santa Barbara Island,Cobble,2013,Inside,0.6667
GC,Graveyard Canyon,SB,Santa Barbara Island,Cobble,2014,Inside,2.1667
GC,Graveyard Canyon,SB,Santa Barbara Island,Cobble,2015,Inside,3.5
GC,Graveyard Canyon,SB,Santa Barbara Island,Cobble,2016,Inside,6.8333
GC,Graveyard Canyon,SB,Santa Barbara Island,Cobble,2017,Inside,7.3333
GC,Graveyard Canyon,SB,Santa Barbara Island,Cobble,2018,Inside,5.3333
GC,Graveyard Canyon,SB,Santa Barbara Island,Cobble,2019,Inside,5.8333
GC,Graveyard Canyon,SB,Santa Barbara Island,Rock,2005,Inside,60.5
GC,Graveyard Canyon,SB,Santa Barbara Island,Rock,2006,Inside,67.6667
GC,Graveyard Canyon,SB,Santa Barbara Island,Rock,2007,Inside,65.1667
GC,Graveyard Canyon,SB,Santa Barbara Island,Rock,2008,Inside,61.3333
GC,Graveyard Canyon,SB,Santa Barbara Island,Rock,2009,Inside,68
GC,Graveyard Canyon,SB,Santa Barbara Island,Rock,2010,Inside,62.1667
GC,Graveyard Canyon,SB,Santa Barbara Island,Rock,2011,Inside,67.5
GC,Graveyard Canyon,SB,Santa Barbara Island,Rock,2012,Inside,48.8333
GC,Graveyard Canyon,SB,Santa Barbara Island,Rock,2013,Inside,59.8333
GC,Graveyard Canyon,SB,Santa Barbara Island,Rock,2014,Inside,58.5
GC,Graveyard Canyon,SB,Santa Barbara Island,Rock,2015,Inside,62.6667
GC,Graveyard Canyon,SB,Santa Barbara Island,Rock,2016,Inside,60.8333
GC,Graveyard Canyon,SB,Santa Barbara Island,Rock,2017,Inside,58.3333
GC,Graveyard Canyon,SB,Santa Barbara Island,Rock,2018,Inside,50.5
GC,Graveyard Canyon,SB,Santa Barbara Island,Rock,2019,Inside,46.8333
GC,Graveyard Canyon,SB,Santa Barbara Island,Sand,2005,Inside,36.6667
GC,Graveyard Canyon,SB,Santa Barbara Island,Sand,2006,Inside,31.6667
GC,Graveyard Canyon,SB,Santa Barbara Island,Sand,2007,Inside,32.5
GC,Graveyard Canyon,SB,Santa Barbara Island,Sand,2008,Inside,35.5
GC,Graveyard Canyon,SB,Santa Barbara Island,Sand,2009,Inside,22
GC,Graveyard Canyon,SB,Santa Barbara Island,Sand,2010,Inside,34.3333
GC,Graveyard Canyon,SB,Santa Barbara Island,Sand,2011,Inside,29.5
GC,Graveyard Canyon,SB,Santa Barbara Island,Sand,2012,Inside,47.5
GC,Graveyard Canyon,SB,Santa Barbara Island,Sand,2013,Inside,39.5
GC,Graveyard Canyon,SB,Santa Barbara Island,Sand,2014,Inside,39.3333
GC,Graveyard Canyon,SB,Santa Barbara Island,Sand,2015,Inside,33.8333
GC,Graveyard Canyon,SB,Santa Barbara Island,Sand,2016,Inside,32.3333
GC,Graveyard Canyon,SB,Santa Barbara Island,Sand,2017,Inside,34.3333
GC,Graveyard Canyon,SB,Santa Barbara Island,Sand,2018,Inside,44.1667
GC,Graveyard Canyon,SB,Santa Barbara Island,Sand,2019,Inside,47.3333
JLNO,Johnson's Lee North,SR,Santa Rosa Island,Cobble,2005,Outside,1.1667
JLNO,Johnson's Lee North,SR,Santa Rosa Island,Cobble,2006,Outside,0.8333
JLNO,Johnson's Lee North,SR,Santa Rosa Island,Cobble,2007,Outside,3.1667
JLNO,Johnson's Lee North,SR,Santa Rosa Island,Cobble,2008,Outside,2
JLNO,Johnson's Lee North,SR,Santa Rosa Island,Cobble,2009,Outside,3
JLNO,Johnson's Lee North,SR,Santa Rosa Island,Cobble,2010,Outside,1.6667
JLNO,Johnson's Lee North,SR,Santa Rosa Island,Cobble,2011,Outside,0.3333
JLNO,Johnson's Lee North,SR,Santa Rosa Island,Cobble,2012,Outside,1.6667
JLNO,Johnson's Lee North,SR,Santa Rosa Island,Cobble,2013,Outside,2.5
JLNO,Johnson's Lee North,SR,Santa Rosa Island,Cobble,2014,Outside,2.1667
JLNO,Johnson's Lee North,SR,Santa Rosa Island,Cobble,2015,Outside,2.8333
JLNO,Johnson's Lee North,SR,Santa Rosa Island,Cobble,2016,Outside,3
JLNO,Johnson's Lee North,SR,Santa Rosa Island,Cobble,2017,Outside,1
JLNO,Johnson's Lee North,SR,Santa Rosa Island,Cobble,2018,Outside,2
JLNO,Johnson's Lee North,SR,Santa Rosa Island,Cobble,2019,Outside,0.6667
JLNO,Johnson's Lee North,SR,Santa Rosa Island,Rock,2005,Outside,97.5
JLNO,Johnson's Lee North,SR,Santa Rosa Island,Rock,2006,Outside,99.1667
JLNO,Johnson's Lee North,SR,Santa Rosa Island,Rock,2007,Outside,94.6667
JLNO,Johnson's Lee North,SR,Santa Rosa Island,Rock,2008,Outside,96.5
JLNO,Johnson's Lee North,SR,Santa Rosa Island,Rock,2009,Outside,96.8333
JLNO,Johnson's Lee North,SR,Santa Rosa Island,Rock,2010,Outside,92.8333
JLNO,Johnson's Lee North,SR,Santa Rosa Island,Rock,2011,Outside,96.6667
JLNO,Johnson's Lee North,SR,Santa Rosa Island,Rock,2012,Outside,96.3333
JLNO,Johnson's Lee North,SR,Santa Rosa Island,Rock,2013,Outside,76.3333
JLNO,Johnson's Lee North,SR,Santa Rosa Island,Rock,2014,Outside,95
JLNO,Johnson's Lee North,SR,Santa Rosa Island,Rock,2015,Outside,96.5
JLNO,Johnson's Lee North,SR,Santa Rosa Island,Rock,2016,Outside,97
JLNO,Johnson's Lee North,SR,Santa Rosa Island,Rock,2017,Outside,99
JLNO,Johnson's Lee North,SR,Santa Rosa Island,Rock,2018,Outside,97.1667
JLNO,Johnson's Lee North,SR,Santa Rosa Island,Rock,2019,Outside,99.3333
JLNO,Johnson's Lee North,SR,Santa Rosa Island,Sand,2005,Outside,1.3333
JLNO,Johnson's Lee North,SR,Santa Rosa Island,Sand,2006,Outside,0
JLNO,Johnson's Lee North,SR,Santa Rosa Island,Sand,2007,Outside,2.1667
JLNO,Johnson's Lee North,SR,Santa Rosa Island,Sand,2008,Outside,1.5
JLNO,Johnson's Lee North,SR,Santa Rosa Island,Sand,2009,Outside,0.1667
JLNO,Johnson's Lee North,SR,Santa Rosa Island,Sand,2010,Outside,5.5
JLNO,Johnson's Lee North,SR,Santa Rosa Island,Sand,2011,Outside,3
JLNO,Johnson's Lee North,SR,Santa Rosa Island,Sand,2012,Outside,2
JLNO,Johnson's Lee North,SR,Santa Rosa Island,Sand,2013,Outside,21.1667
JLNO,Johnson's Lee North,SR,Santa Rosa Island,Sand,2014,Outside,2.8333
JLNO,Johnson's Lee North,SR,Santa Rosa Island,Sand,2015,Outside,0.6667
JLNO,Johnson's Lee North,SR,Santa Rosa Island,Sand,2016,Outside,0
JLNO,Johnson's Lee North,SR,Santa Rosa Island,Sand,2017,Outside,0
JLNO,Johnson's Lee North,SR,Santa Rosa Island,Sand,2018,Outside,0.8333
JLNO,Johnson's Lee North,SR,Santa Rosa Island,Sand,2019,Outside,0
JLSO,Johnson's Lee South,SR,Santa Rosa Island,Cobble,2005,Outside,5
JLSO,Johnson's Lee South,SR,Santa Rosa Island,Cobble,2006,Outside,4.5
JLSO,Johnson's Lee South,SR,Santa Rosa Island,Cobble,2007,Outside,1
JLSO,Johnson's Lee South,SR,Santa Rosa Island,Cobble,2008,Outside,2.1667
JLSO,Johnson's Lee South,SR,Santa Rosa Island,Cobble,2009,Outside,3.1667
JLSO,Johnson's Lee South,SR,Santa Rosa Island,Cobble,2010,Outside,0.6667
JLSO,Johnson's Lee South,SR,Santa Rosa Island,Cobble,2011,Outside,2
JLSO,Johnson's Lee South,SR,Santa Rosa Island,Cobble,2012,Outside,0.8333
JLSO,Johnson's Lee South,SR,Santa Rosa Island,Cobble,2013,Outside,1.8333
JLSO,Johnson's Lee South,SR,Santa Rosa Island,Cobble,2014,Outside,7.6667
JLSO,Johnson's Lee South,SR,Santa Rosa Island,Cobble,2015,Outside,2.8333
JLSO,Johnson's Lee South,SR,Santa Rosa Island,Cobble,2016,Outside,3
JLSO,Johnson's Lee South,SR,Santa Rosa Island,Cobble,2017,Outside,4.6667
JLSO,Johnson's Lee South,SR,Santa Rosa Island,Cobble,2018,Outside,2.5
JLSO,Johnson's Lee South,SR,Santa Rosa Island,Cobble,2019,Outside,9.5
JLSO,Johnson's Lee South,SR,Santa Rosa Island,Rock,2005,Outside,81.1667
JLSO,Johnson's Lee South,SR,Santa Rosa Island,Rock,2006,Outside,81.6667
JLSO,Johnson's Lee South,SR,Santa Rosa Island,Rock,2007,Outside,72.8333
JLSO,Johnson's Lee South,SR,Santa Rosa Island,Rock,2008,Outside,76.8333
JLSO,Johnson's Lee South,SR,Santa Rosa Island,Rock,2009,Outside,77.3333
JLSO,Johnson's Lee South,SR,Santa Rosa Island,Rock,2010,Outside,80.5
JLSO,Johnson's Lee South,SR,Santa Rosa Island,Rock,2011,Outside,79.8333
JLSO,Johnson's Lee South,SR,Santa Rosa Island,Rock,2012,Outside,78.6667
JLSO,Johnson's Lee South,SR,Santa Rosa Island,Rock,2013,Outside,73.3333
JLSO,Johnson's Lee South,SR,Santa Rosa Island,Rock,2014,Outside,82.6667
JLSO,Johnson's Lee South,SR,Santa Rosa Island,Rock,2015,Outside,78.3333
JLSO,Johnson's Lee South,SR,Santa Rosa Island,Rock,2016,Outside,75.1667
JLSO,Johnson's Lee South,SR,Santa Rosa Island,Rock,2017,Outside,88
JLSO,Johnson's Lee South,SR,Santa Rosa Island,Rock,2018,Outside,87.6667
JLSO,Johnson's Lee South,SR,Santa Rosa Island,Rock,2019,Outside,87.3333
JLSO,Johnson's Lee South,SR,Santa Rosa Island,Sand,2005,Outside,13.8333
JLSO,Johnson's Lee South,SR,Santa Rosa Island,Sand,2006,Outside,13.8333
JLSO,Johnson's Lee South,SR,Santa Rosa Island,Sand,2007,Outside,26.1667
JLSO,Johnson's Lee South,SR,Santa Rosa Island,Sand,2008,Outside,21
JLSO,Johnson's Lee South,SR,Santa Rosa Island,Sand,2009,Outside,19.5
JLSO,Johnson's Lee South,SR,Santa Rosa Island,Sand,2010,Outside,18.8333
JLSO,Johnson's Lee South,SR,Santa Rosa Island,Sand,2011,Outside,18.1667
JLSO,Johnson's Lee South,SR,Santa Rosa Island,Sand,2012,Outside,20.5
JLSO,Johnson's Lee South,SR,Santa Rosa Island,Sand,2013,Outside,24.8333
JLSO,Johnson's Lee South,SR,Santa Rosa Island,Sand,2014,Outside,9.6667
JLSO,Johnson's Lee South,SR,Santa Rosa Island,Sand,2015,Outside,18.8333
JLSO,Johnson's Lee South,SR,Santa Rosa Island,Sand,2016,Outside,21.8333
JLSO,Johnson's Lee South,SR,Santa Rosa Island,Sand,2017,Outside,7.3333
JLSO,Johnson's Lee South,SR,Santa Rosa Island,Sand,2018,Outside,9.8333
JLSO,Johnson's Lee South,SR,Santa Rosa Island,Sand,2019,Outside,3.1667
LC,Landing Cove,AN,Anacapa Island,Cobble,2005,Inside,26
LC,Landing Cove,AN,Anacapa Island,Cobble,2006,Inside,9.8333
LC,Landing Cove,AN,Anacapa Island,Cobble,2007,Inside,5.5
LC,Landing Cove,AN,Anacapa Island,Cobble,2008,Inside,24.8333
LC,Landing Cove,AN,Anacapa Island,Cobble,2009,Inside,14.8333
LC,Landing Cove,AN,Anacapa Island,Cobble,2010,Inside,15
LC,Landing Cove,AN,Anacapa Island,Cobble,2011,Inside,30.1667
LC,Landing Cove,AN,Anacapa Island,Cobble,2012,Inside,8.5
LC,Landing Cove,AN,Anacapa Island,Cobble,2013,Inside,14.6667
LC,Landing Cove,AN,Anacapa Island,Cobble,2014,Inside,17.6667
LC,Landing Cove,AN,Anacapa Island,Cobble,2015,Inside,22.3333
LC,Landing Cove,AN,Anacapa Island,Cobble,2016,Inside,15.6667
LC,Landing Cove,AN,Anacapa Island,Cobble,2017,Inside,15.6667
LC,Landing Cove,AN,Anacapa Island,Cobble,2018,Inside,21
LC,Landing Cove,AN,Anacapa Island,Cobble,2019,Inside,16.1667
LC,Landing Cove,AN,Anacapa Island,Rock,2005,Inside,73.1667
LC,Landing Cove,AN,Anacapa Island,Rock,2006,Inside,85.6667
LC,Landing Cove,AN,Anacapa Island,Rock,2007,Inside,89.1667
LC,Landing Cove,AN,Anacapa Island,Rock,2008,Inside,67.8333
LC,Landing Cove,AN,Anacapa Island,Rock,2009,Inside,80.3333
LC,Landing Cove,AN,Anacapa Island,Rock,2010,Inside,74.1667
LC,Landing Cove,AN,Anacapa Island,Rock,2011,Inside,65.6667
LC,Landing Cove,AN,Anacapa Island,Rock,2012,Inside,80.1667
LC,Landing Cove,AN,Anacapa Island,Rock,2013,Inside,72.6667
LC,Landing Cove,AN,Anacapa Island,Rock,2014,Inside,74.5
LC,Landing Cove,AN,Anacapa Island,Rock,2015,Inside,64.8333
LC,Landing Cove,AN,Anacapa Island,Rock,2016,Inside,67
LC,Landing Cove,AN,Anacapa Island,Rock,2017,Inside,67.8333
LC,Landing Cove,AN,Anacapa Island,Rock,2018,Inside,72.6667
LC,Landing Cove,AN,Anacapa Island,Rock,2019,Inside,75.1667
LC,Landing Cove,AN,Anacapa Island,Sand,2005,Inside,0.8333
LC,Landing Cove,AN,Anacapa Island,Sand,2006,Inside,4.5
LC,Landing Cove,AN,Anacapa Island,Sand,2007,Inside,5.3333
LC,Landing Cove,AN,Anacapa Island,Sand,2008,Inside,7.3333
LC,Landing Cove,AN,Anacapa Island,Sand,2009,Inside,4.8333
LC,Landing Cove,AN,Anacapa Island,Sand,2010,Inside,10.8333
LC,Landing Cove,AN,Anacapa Island,Sand,2011,Inside,4.1667
LC,Landing Cove,AN,Anacapa Island,Sand,2012,Inside,11.3333
LC,Landing Cove,AN,Anacapa Island,Sand,2013,Inside,12.6667
LC,Landing Cove,AN,Anacapa Island,Sand,2014,Inside,7.8333
LC,Landing Cove,AN,Anacapa Island,Sand,2015,Inside,12.8333
LC,Landing Cove,AN,Anacapa Island,Sand,2016,Inside,17.3333
LC,Landing Cove,AN,Anacapa Island,Sand,2017,Inside,16.5
LC,Landing Cove,AN,Anacapa Island,Sand,2018,Inside,6.3333
LC,Landing Cove,AN,Anacapa Island,Sand,2019,Inside,8.6667
LH,Lighthouse,AN,Anacapa Island,Cobble,2005,Outside,8.5
LH,Lighthouse,AN,Anacapa Island,Cobble,2006,Outside,3
LH,Lighthouse,AN,Anacapa Island,Cobble,2007,Outside,13.5
LH,Lighthouse,AN,Anacapa Island,Cobble,2008,Outside,9.1667
LH,Lighthouse,AN,Anacapa Island,Cobble,2009,Outside,8.6667
LH,Lighthouse,AN,Anacapa Island,Cobble,2010,Outside,16.5
LH,Lighthouse,AN,Anacapa Island,Cobble,2011,Outside,11.5
LH,Lighthouse,AN,Anacapa Island,Cobble,2012,Outside,14.6667
LH,Lighthouse,AN,Anacapa Island,Cobble,2013,Outside,13
LH,Lighthouse,AN,Anacapa Island,Cobble,2014,Outside,5.6667
LH,Lighthouse,AN,Anacapa Island,Cobble,2015,Outside,5.6667
LH,Lighthouse,AN,Anacapa Island,Cobble,2016,Outside,7.1667
LH,Lighthouse,AN,Anacapa Island,Cobble,2017,Outside,9
LH,Lighthouse,AN,Anacapa Island,Cobble,2018,Outside,2.6667
LH,Lighthouse,AN,Anacapa Island,Cobble,2019,Outside,7.3333
LH,Lighthouse,AN,Anacapa Island,Rock,2005,Outside,77.5
LH,Lighthouse,AN,Anacapa Island,Rock,2006,Outside,73.6667
LH,Lighthouse,AN,Anacapa Island,Rock,2007,Outside,65.8333
LH,Lighthouse,AN,Anacapa Island,Rock,2008,Outside,69.5
LH,Lighthouse,AN,Anacapa Island,Rock,2009,Outside,85.1667
LH,Lighthouse,AN,Anacapa Island,Rock,2010,Outside,72
LH,Lighthouse,AN,Anacapa Island,Rock,2011,Outside,80
LH,Lighthouse,AN,Anacapa Island,Rock,2012,Outside,73.1667
LH,Lighthouse,AN,Anacapa Island,Rock,2013,Outside,78.8333
LH,Lighthouse,AN,Anacapa Island,Rock,2014,Outside,73.6667
LH,Lighthouse,AN,Anacapa Island,Rock,2015,Outside,68.6667
LH,Lighthouse,AN,Anacapa Island,Rock,2016,Outside,69.1667
LH,Lighthouse,AN,Anacapa Island,Rock,2017,Outside,57.5
LH,Lighthouse,AN,Anacapa Island,Rock,2018,Outside,69.1667
LH,Lighthouse,AN,Anacapa Island,Rock,2019,Outside,87
LH,Lighthouse,AN,Anacapa Island,Sand,2005,Outside,14
LH,Lighthouse,AN,Anacapa Island,Sand,2006,Outside,23.3333
LH,Lighthouse,AN,Anacapa Island,Sand,2007,Outside,20.6667
LH,Lighthouse,AN,Anacapa Island,Sand,2008,Outside,21.3333
LH,Lighthouse,AN,Anacapa Island,Sand,2009,Outside,6.1667
LH,Lighthouse,AN,Anacapa Island,Sand,2010,Outside,11.5
LH,Lighthouse,AN,Anacapa Island,Sand,2011,Outside,8.5
LH,Lighthouse,AN,Anacapa Island,Sand,2012,Outside,12.1667
LH,Lighthouse,AN,Anacapa Island,Sand,2013,Outside,8.1667
LH,Lighthouse,AN,Anacapa Island,Sand,2014,Outside,20.6667
LH,Lighthouse,AN,Anacapa Island,Sand,2015,Outside,25.6667
LH,Lighthouse,AN,Anacapa Island,Sand,2016,Outside,23.6667
LH,Lighthouse,AN,Anacapa Island,Sand,2017,Outside,33.5
LH,Lighthouse,AN,Anacapa Island,Sand,2018,Outside,28.1667
LH,Lighthouse,AN,Anacapa Island,Sand,2019,Outside,5.6667
LS,Little Scorpion,SC,Santa Cruz Island,Cobble,2005,Outside,10.8333
LS,Little Scorpion,SC,Santa Cruz Island,Cobble,2006,Outside,6.3333
LS,Little Scorpion,SC,Santa Cruz Island,Cobble,2007,Outside,21.1667
LS,Little Scorpion,SC,Santa Cruz Island,Cobble,2008,Outside,22
LS,Little Scorpion,SC,Santa Cruz Island,Cobble,2009,Outside,11.8333
LS,Little Scorpion,SC,Santa Cruz Island,Cobble,2010,Outside,18.1667
LS,Little Scorpion,SC,Santa Cruz Island,Cobble,2011,Outside,21.3333
LS,Little Scorpion,SC,Santa Cruz Island,Cobble,2012,Outside,13.8333
LS,Little Scorpion,SC,Santa Cruz Island,Cobble,2013,Outside,8.5
LS,Little Scorpion,SC,Santa Cruz Island,Cobble,2014,Outside,9.6667
LS,Little Scorpion,SC,Santa Cruz Island,Cobble,2015,Outside,5.6667
LS,Little Scorpion,SC,Santa Cruz Island,Cobble,2016,Outside,8.6667
LS,Little Scorpion,SC,Santa Cruz Island,Cobble,2017,Outside,11.8333
LS,Little Scorpion,SC,Santa Cruz Island,Cobble,2018,Outside,7.6667
LS,Little Scorpion,SC,Santa Cruz Island,Cobble,2019,Outside,12
LS,Little Scorpion,SC,Santa Cruz Island,Rock,2005,Outside,84.5
LS,Little Scorpion,SC,Santa Cruz Island,Rock,2006,Outside,80.1667
LS,Little Scorpion,SC,Santa Cruz Island,Rock,2007,Outside,76.5
LS,Little Scorpion,SC,Santa Cruz Island,Rock,2008,Outside,75.5
LS,Little Scorpion,SC,Santa Cruz Island,Rock,2009,Outside,78.1667
LS,Little Scorpion,SC,Santa Cruz Island,Rock,2010,Outside,76.8333
LS,Little Scorpion,SC,Santa Cruz Island,Rock,2011,Outside,74.8333
LS,Little Scorpion,SC,Santa Cruz Island,Rock,2012,Outside,85
LS,Little Scorpion,SC,Santa Cruz Island,Rock,2013,Outside,89.1667
LS,Little Scorpion,SC,Santa Cruz Island,Rock,2014,Outside,86.6667
LS,Little Scorpion,SC,Santa Cruz Island,Rock,2015,Outside,91.8333
LS,Little Scorpion,SC,Santa Cruz Island,Rock,2016,Outside,89.1667
LS,Little Scorpion,SC,Santa Cruz Island,Rock,2017,Outside,82.8333
LS,Little Scorpion,SC,Santa Cruz Island,Rock,2018,Outside,90.1667
LS,Little Scorpion,SC,Santa Cruz Island,Rock,2019,Outside,86.6667
LS,Little Scorpion,SC,Santa Cruz Island,Sand,2005,Outside,4.6667
LS,Little Scorpion,SC,Santa Cruz Island,Sand,2006,Outside,13.5
LS,Little Scorpion,SC,Santa Cruz Island,Sand,2007,Outside,2.3333
LS,Little Scorpion,SC,Santa Cruz Island,Sand,2008,Outside,2.5
LS,Little Scorpion,SC,Santa Cruz Island,Sand,2009,Outside,10
LS,Little Scorpion,SC,Santa Cruz Island,Sand,2010,Outside,5
LS,Little Scorpion,SC,Santa Cruz Island,Sand,2011,Outside,3.8333
LS,Little Scorpion,SC,Santa Cruz Island,Sand,2012,Outside,1.1667
LS,Little Scorpion,SC,Santa Cruz Island,Sand,2013,Outside,2.3333
LS,Little Scorpion,SC,Santa Cruz Island,Sand,2014,Outside,3.6667
LS,Little Scorpion,SC,Santa Cruz Island,Sand,2015,Outside,2.5
LS,Little Scorpion,SC,Santa Cruz Island,Sand,2016,Outside,2.1667
LS,Little Scorpion,SC,Santa Cruz Island,Sand,2017,Outside,5.3333
LS,Little Scorpion,SC,Santa Cruz Island,Sand,2018,Outside,2.1667
LS,Little Scorpion,SC,Santa Cruz Island,Sand,2019,Outside,1.3333
PP,Potato Pasture,SC,Santa Cruz Island,Cobble,2005,Inside,9.3333
PP,Potato Pasture,SC,Santa Cruz Island,Cobble,2006,Inside,10.1667
PP,Potato Pasture,SC,Santa Cruz Island,Cobble,2007,Inside,17
PP,Potato Pasture,SC,Santa Cruz Island,Cobble,2008,Inside,22
PP,Potato Pasture,SC,Santa Cruz Island,Cobble,2009,Inside,16.3333
PP,Potato Pasture,SC,Santa Cruz Island,Cobble,2010,Inside,10.1667
PP,Potato Pasture,SC,Santa Cruz Island,Cobble,2011,Inside,10
PP,Potato Pasture,SC,Santa Cruz Island,Cobble,2012,Inside,14
PP,Potato Pasture,SC,Santa Cruz Island,Cobble,2013,Inside,13.1667
PP,Potato Pasture,SC,Santa Cruz Island,Cobble,2014,Inside,7.8333
PP,Potato Pasture,SC,Santa Cruz Island,Cobble,2015,Inside,3.3333
PP,Potato Pasture,SC,Santa Cruz Island,Cobble,2016,Inside,13.1667
PP,Potato Pasture,SC,Santa Cruz Island,Cobble,2017,Inside,15
PP,Potato Pasture,SC,Santa Cruz Island,Cobble,2018,Inside,8.6667
PP,Potato Pasture,SC,Santa Cruz Island,Cobble,2019,Inside,10.8333
PP,Potato Pasture,SC,Santa Cruz Island,Rock,2005,Inside,79.8333
PP,Potato Pasture,SC,Santa Cruz Island,Rock,2006,Inside,85.1667
PP,Potato Pasture,SC,Santa Cruz Island,Rock,2007,Inside,80.3333
PP,Potato Pasture,SC,Santa Cruz Island,Rock,2008,Inside,73
PP,Potato Pasture,SC,Santa Cruz Island,Rock,2009,Inside,81.1667
PP,Potato Pasture,SC,Santa Cruz Island,Rock,2010,Inside,86.5
PP,Potato Pasture,SC,Santa Cruz Island,Rock,2011,Inside,85.1667
PP,Potato Pasture,SC,Santa Cruz Island,Rock,2012,Inside,85.3333
PP,Potato Pasture,SC,Santa Cruz Island,Rock,2013,Inside,85
PP,Potato Pasture,SC,Santa Cruz Island,Rock,2014,Inside,91.8333
PP,Potato Pasture,SC,Santa Cruz Island,Rock,2015,Inside,93
PP,Potato Pasture,SC,Santa Cruz Island,Rock,2016,Inside,84.8333
PP,Potato Pasture,SC,Santa Cruz Island,Rock,2017,Inside,80.1667
PP,Potato Pasture,SC,Santa Cruz Island,Rock,2018,Inside,85.5
PP,Potato Pasture,SC,Santa Cruz Island,Rock,2019,Inside,87.1667
PP,Potato Pasture,SC,Santa Cruz Island,Sand,2005,Inside,10.8333
PP,Potato Pasture,SC,Santa Cruz Island,Sand,2006,Inside,4.6667
PP,Potato Pasture,SC,Santa Cruz Island,Sand,2007,Inside,2.6667
PP,Potato Pasture,SC,Santa Cruz Island,Sand,2008,Inside,5
PP,Potato Pasture,SC,Santa Cruz Island,Sand,2009,Inside,2.5
PP,Potato Pasture,SC,Santa Cruz Island,Sand,2010,Inside,3.3333
PP,Potato Pasture,SC,Santa Cruz Island,Sand,2011,Inside,4.8333
PP,Potato Pasture,SC,Santa Cruz Island,Sand,2012,Inside,0.6667
PP,Potato Pasture,SC,Santa Cruz Island,Sand,2013,Inside,1.8333
PP,Potato Pasture,SC,Santa Cruz Island,Sand,2014,Inside,0.3333
PP,Potato Pasture,SC,Santa Cruz Island,Sand,2015,Inside,3.6667
PP,Potato Pasture,SC,Santa Cruz Island,Sand,2016,Inside,2
PP,Potato Pasture,SC,Santa Cruz Island,Sand,2017,Inside,4.8333
PP,Potato Pasture,SC,Santa Cruz Island,Sand,2018,Inside,5.8333
PP,Potato Pasture,SC,Santa Cruz Island,Sand,2019,Inside,2
PRF,Pedro Reef,SC,Santa Cruz Island,Cobble,2005,Outside,2.5
PRF,Pedro Reef,SC,Santa Cruz Island,Cobble,2006,Outside,1.5
PRF,Pedro Reef,SC,Santa Cruz Island,Cobble,2007,Outside,1.5
PRF,Pedro Reef,SC,Santa Cruz Island,Cobble,2008,Outside,1.6667
PRF,Pedro Reef,SC,Santa Cruz Island,Cobble,2009,Outside,6
PRF,Pedro Reef,SC,Santa Cruz Island,Cobble,2010,Outside,2.3333
PRF,Pedro Reef,SC,Santa Cruz Island,Cobble,2011,Outside,5.1667
PRF,Pedro Reef,SC,Santa Cruz Island,Cobble,2012,Outside,1.5
PRF,Pedro Reef,SC,Santa Cruz Island,Cobble,2013,Outside,3.6667
PRF,Pedro Reef,SC,Santa Cruz Island,Cobble,2014,Outside,1.5
PRF,Pedro Reef,SC,Santa Cruz Island,Cobble,2015,Outside,1.3333
PRF,Pedro Reef,SC,Santa Cruz Island,Cobble,2016,Outside,3
PRF,Pedro Reef,SC,Santa Cruz Island,Cobble,2017,Outside,0.5
PRF,Pedro Reef,SC,Santa Cruz Island,Cobble,2018,Outside,4
PRF,Pedro Reef,SC,Santa Cruz Island,Cobble,2019,Outside,3.1667
PRF,Pedro Reef,SC,Santa Cruz Island,Rock,2005,Outside,88.1667
PRF,Pedro Reef,SC,Santa Cruz Island,Rock,2006,Outside,82.8333
PRF,Pedro Reef,SC,Santa Cruz Island,Rock,2007,Outside,92.5
PRF,Pedro Reef,SC,Santa Cruz Island,Rock,2008,Outside,80.5
PRF,Pedro Reef,SC,Santa Cruz Island,Rock,2009,Outside,87.6667
PRF,Pedro Reef,SC,Santa Cruz Island,Rock,2010,Outside,93.1667
PRF,Pedro Reef,SC,Santa Cruz Island,Rock,2011,Outside,77.6667
PRF,Pedro Reef,SC,Santa Cruz Island,Rock,2012,Outside,95
PRF,Pedro Reef,SC,Santa Cruz Island,Rock,2013,Outside,78.3333
PRF,Pedro Reef,SC,Santa Cruz Island,Rock,2014,Outside,75.6667
PRF,Pedro Reef,SC,Santa Cruz Island,Rock,2015,Outside,78.5
PRF,Pedro Reef,SC,Santa Cruz Island,Rock,2016,Outside,80.8333
PRF,Pedro Reef,SC,Santa Cruz Island,Rock,2017,Outside,94.5
PRF,Pedro Reef,SC,Santa Cruz Island,Rock,2018,Outside,80.3333
PRF,Pedro Reef,SC,Santa Cruz Island,Rock,2019,Outside,95.8333
PRF,Pedro Reef,SC,Santa Cruz Island,Sand,2005,Outside,9.3333
PRF,Pedro Reef,SC,Santa Cruz Island,Sand,2006,Outside,15.6667
PRF,Pedro Reef,SC,Santa Cruz Island,Sand,2007,Outside,6
PRF,Pedro Reef,SC,Santa Cruz Island,Sand,2008,Outside,17.8333
PRF,Pedro Reef,SC,Santa Cruz Island,Sand,2009,Outside,6.3333
PRF,Pedro Reef,SC,Santa Cruz Island,Sand,2010,Outside,4.5
PRF,Pedro Reef,SC,Santa Cruz Island,Sand,2011,Outside,17.1667
PRF,Pedro Reef,SC,Santa Cruz Island,Sand,2012,Outside,3.5
PRF,Pedro Reef,SC,Santa Cruz Island,Sand,2013,Outside,18
PRF,Pedro Reef,SC,Santa Cruz Island,Sand,2014,Outside,22.8333
PRF,Pedro Reef,SC,Santa Cruz Island,Sand,2015,Outside,20.1667
PRF,Pedro Reef,SC,Santa Cruz Island,Sand,2016,Outside,16.1667
PRF,Pedro Reef,SC,Santa Cruz Island,Sand,2017,Outside,5
PRF,Pedro Reef,SC,Santa Cruz Island,Sand,2018,Outside,15.6667
PRF,Pedro Reef,SC,Santa Cruz Island,Sand,2019,Outside,1
SA,Scorpion Anchorage,SC,Santa Cruz Island,Cobble,2005,Inside,5.5
SA,Scorpion Anchorage,SC,Santa Cruz Island,Cobble,2006,Inside,3.6667
SA,Scorpion Anchorage,SC,Santa Cruz Island,Cobble,2007,Inside,1.8333
SA,Scorpion Anchorage,SC,Santa Cruz Island,Cobble,2008,Inside,1.8333
SA,Scorpion Anchorage,SC,Santa Cruz Island,Cobble,2009,Inside,2.3333
SA,Scorpion Anchorage,SC,Santa Cruz Island,Cobble,2010,Inside,0.6667
SA,Scorpion Anchorage,SC,Santa Cruz Island,Cobble,2011,Inside,5.6667
SA,Scorpion Anchorage,SC,Santa Cruz Island,Cobble,2012,Inside,1.6667
SA,Scorpion Anchorage,SC,Santa Cruz Island,Cobble,2013,Inside,2.8333
SA,Scorpion Anchorage,SC,Santa Cruz Island,Cobble,2014,Inside,5.5
SA,Scorpion Anchorage,SC,Santa Cruz Island,Cobble,2015,Inside,1.5
SA,Scorpion Anchorage,SC,Santa Cruz Island,Cobble,2016,Inside,5.1667
SA,Scorpion Anchorage,SC,Santa Cruz Island,Cobble,2017,Inside,2.8333
SA,Scorpion Anchorage,SC,Santa Cruz Island,Cobble,2018,Inside,2.5
SA,Scorpion Anchorage,SC,Santa Cruz Island,Cobble,2019,Inside,9.5
SA,Scorpion Anchorage,SC,Santa Cruz Island,Rock,2005,Inside,73.6667
SA,Scorpion Anchorage,SC,Santa Cruz Island,Rock,2006,Inside,79.8333
SA,Scorpion Anchorage,SC,Santa Cruz Island,Rock,2007,Inside,76.3333
SA,Scorpion Anchorage,SC,Santa Cruz Island,Rock,2008,Inside,88.5
SA,Scorpion Anchorage,SC,Santa Cruz Island,Rock,2009,Inside,89.3333
SA,Scorpion Anchorage,SC,Santa Cruz Island,Rock,2010,Inside,73.5
SA,Scorpion Anchorage,SC,Santa Cruz Island,Rock,2011,Inside,80
SA,Scorpion Anchorage,SC,Santa Cruz Island,Rock,2012,Inside,92
SA,Scorpion Anchorage,SC,Santa Cruz Island,Rock,2013,Inside,82.8333
SA,Scorpion Anchorage,SC,Santa Cruz Island,Rock,2014,Inside,80.5
SA,Scorpion Anchorage,SC,Santa Cruz Island,Rock,2015,Inside,82
SA,Scorpion Anchorage,SC,Santa Cruz Island,Rock,2016,Inside,80.1667
SA,Scorpion Anchorage,SC,Santa Cruz Island,Rock,2017,Inside,83
SA,Scorpion Anchorage,SC,Santa Cruz Island,Rock,2018,Inside,75.5
SA,Scorpion Anchorage,SC,Santa Cruz Island,Rock,2019,Inside,87.3333
SA,Scorpion Anchorage,SC,Santa Cruz Island,Sand,2005,Inside,20.8333
SA,Scorpion Anchorage,SC,Santa Cruz Island,Sand,2006,Inside,16.5
SA,Scorpion Anchorage,SC,Santa Cruz Island,Sand,2007,Inside,21.8333
SA,Scorpion Anchorage,SC,Santa Cruz Island,Sand,2008,Inside,9.6667
SA,Scorpion Anchorage,SC,Santa Cruz Island,Sand,2009,Inside,8.3333
SA,Scorpion Anchorage,SC,Santa Cruz Island,Sand,2010,Inside,25.8333
SA,Scorpion Anchorage,SC,Santa Cruz Island,Sand,2011,Inside,14.3333
SA,Scorpion Anchorage,SC,Santa Cruz Island,Sand,2012,Inside,6.3333
SA,Scorpion Anchorage,SC,Santa Cruz Island,Sand,2013,Inside,14.3333
SA,Scorpion Anchorage,SC,Santa Cruz Island,Sand,2014,Inside,14
SA,Scorpion Anchorage,SC,Santa Cruz Island,Sand,2015,Inside,16.5
SA,Scorpion Anchorage,SC,Santa Cruz Island,Sand,2016,Inside,14.6667
SA,Scorpion Anchorage,SC,Santa Cruz Island,Sand,2017,Inside,14.1667
SA,Scorpion Anchorage,SC,Santa Cruz Island,Sand,2018,Inside,22
SA,Scorpion Anchorage,SC,Santa Cruz Island,Sand,2019,Inside,3.1667
SER,Southeast Reef,SB,Santa Barbara Island,Cobble,2005,Inside,7.3333
SER,Southeast Reef,SB,Santa Barbara Island,Cobble,2006,Inside,10.1667
SER,Southeast Reef,SB,Santa Barbara Island,Cobble,2007,Inside,5.6667
SER,Southeast Reef,SB,Santa Barbara Island,Cobble,2008,Inside,4.3333
SER,Southeast Reef,SB,Santa Barbara Island,Cobble,2009,Inside,3.6667
SER,Southeast Reef,SB,Santa Barbara Island,Cobble,2010,Inside,2.6667
SER,Southeast Reef,SB,Santa Barbara Island,Cobble,2011,Inside,7.1667
SER,Southeast Reef,SB,Santa Barbara Island,Cobble,2012,Inside,4.3333
SER,Southeast Reef,SB,Santa Barbara Island,Cobble,2013,Inside,4.8333
SER,Southeast Reef,SB,Santa Barbara Island,Cobble,2014,Inside,4.8333
SER,Southeast Reef,SB,Santa Barbara Island,Cobble,2015,Inside,4
SER,Southeast Reef,SB,Santa Barbara Island,Cobble,2016,Inside,5.8333
SER,Southeast Reef,SB,Santa Barbara Island,Cobble,2017,Inside,9.8333
SER,Southeast Reef,SB,Santa Barbara Island,Cobble,2018,Inside,9.8333
SER,Southeast Reef,SB,Santa Barbara Island,Cobble,2019,Inside,5.3333
SER,Southeast Reef,SB,Santa Barbara Island,Rock,2005,Inside,83.1667
SER,Southeast Reef,SB,Santa Barbara Island,Rock,2006,Inside,85
SER,Southeast Reef,SB,Santa Barbara Island,Rock,2007,Inside,92.3333
SER,Southeast Reef,SB,Santa Barbara Island,Rock,2008,Inside,94.6667
SER,Southeast Reef,SB,Santa Barbara Island,Rock,2009,Inside,88.5
SER,Southeast Reef,SB,Santa Barbara Island,Rock,2010,Inside,94.5
SER,Southeast Reef,SB,Santa Barbara Island,Rock,2011,Inside,91.5
SER,Southeast Reef,SB,Santa Barbara Island,Rock,2012,Inside,85.6667
SER,Southeast Reef,SB,Santa Barbara Island,Rock,2013,Inside,91.8333
SER,Southeast Reef,SB,Santa Barbara Island,Rock,2014,Inside,90.6667
SER,Southeast Reef,SB,Santa Barbara Island,Rock,2015,Inside,94.3333
SER,Southeast Reef,SB,Santa Barbara Island,Rock,2016,Inside,90.6667
SER,Southeast Reef,SB,Santa Barbara Island,Rock,2017,Inside,90
SER,Southeast Reef,SB,Santa Barbara Island,Rock,2018,Inside,88.6667
SER,Southeast Reef,SB,Santa Barbara Island,Rock,2019,Inside,92
SER,Southeast Reef,SB,Santa Barbara Island,Sand,2005,Inside,9.5
SER,Southeast Reef,SB,Santa Barbara Island,Sand,2006,Inside,4.8333
SER,Southeast Reef,SB,Santa Barbara Island,Sand,2007,Inside,2
SER,Southeast Reef,SB,Santa Barbara Island,Sand,2008,Inside,1
SER,Southeast Reef,SB,Santa Barbara Island,Sand,2009,Inside,7.8333
SER,Southeast Reef,SB,Santa Barbara Island,Sand,2010,Inside,2.8333
SER,Southeast Reef,SB,Santa Barbara Island,Sand,2011,Inside,1.3333
SER,Southeast Reef,SB,Santa Barbara Island,Sand,2012,Inside,10
SER,Southeast Reef,SB,Santa Barbara Island,Sand,2013,Inside,3.3333
SER,Southeast Reef,SB,Santa Barbara Island,Sand,2014,Inside,4.5
SER,Southeast Reef,SB,Santa Barbara Island,Sand,2015,Inside,1.6667
SER,Southeast Reef,SB,Santa Barbara Island,Sand,2016,Inside,3.5
SER,Southeast Reef,SB,Santa Barbara Island,Sand,2017,Inside,0.1667
SER,Southeast Reef,SB,Santa Barbara Island,Sand,2018,Inside,1.5
SER,Southeast Reef,SB,Santa Barbara Island,Sand,2019,Inside,2.6667
SESL,SE Sea Lion Rookery,SB,Santa Barbara Island,Cobble,2005,Inside,3.3333
SESL,SE Sea Lion Rookery,SB,Santa Barbara Island,Cobble,2006,Inside,2.8333
SESL,SE Sea Lion Rookery,SB,Santa Barbara Island,Cobble,2007,Inside,3.3333
SESL,SE Sea Lion Rookery,SB,Santa Barbara Island,Cobble,2008,Inside,4.6667
SESL,SE Sea Lion Rookery,SB,Santa Barbara Island,Cobble,2009,Inside,2.8333
SESL,SE Sea Lion Rookery,SB,Santa Barbara Island,Cobble,2010,Inside,6.8333
SESL,SE Sea Lion Rookery,SB,Santa Barbara Island,Cobble,2011,Inside,5.3333
SESL,SE Sea Lion Rookery,SB,Santa Barbara Island,Cobble,2012,Inside,7.8333
SESL,SE Sea Lion Rookery,SB,Santa Barbara Island,Cobble,2013,Inside,5.1667
SESL,SE Sea Lion Rookery,SB,Santa Barbara Island,Cobble,2014,Inside,5.3333
SESL,SE Sea Lion Rookery,SB,Santa Barbara Island,Cobble,2015,Inside,10.3333
SESL,SE Sea Lion Rookery,SB,Santa Barbara Island,Cobble,2016,Inside,4.6667
SESL,SE Sea Lion Rookery,SB,Santa Barbara Island,Cobble,2017,Inside,6.6667
SESL,SE Sea Lion Rookery,SB,Santa Barbara Island,Cobble,2018,Inside,6.1667
SESL,SE Sea Lion Rookery,SB,Santa Barbara Island,Cobble,2019,Inside,16.5
SESL,SE Sea Lion Rookery,SB,Santa Barbara Island,Rock,2005,Inside,84.8333
SESL,SE Sea Lion Rookery,SB,Santa Barbara Island,Rock,2006,Inside,82.8333
SESL,SE Sea Lion Rookery,SB,Santa Barbara Island,Rock,2007,Inside,89.8333
SESL,SE Sea Lion Rookery,SB,Santa Barbara Island,Rock,2008,Inside,89.6667
SESL,SE Sea Lion Rookery,SB,Santa Barbara Island,Rock,2009,Inside,90.6667
SESL,SE Sea Lion Rookery,SB,Santa Barbara Island,Rock,2010,Inside,84.1667
SESL,SE Sea Lion Rookery,SB,Santa Barbara Island,Rock,2011,Inside,80.3333
SESL,SE Sea Lion Rookery,SB,Santa Barbara Island,Rock,2012,Inside,88.3333
SESL,SE Sea Lion Rookery,SB,Santa Barbara Island,Rock,2013,Inside,89
SESL,SE Sea Lion Rookery,SB,Santa Barbara Island,Rock,2014,Inside,77.8333
SESL,SE Sea Lion Rookery,SB,Santa Barbara Island,Rock,2015,Inside,81.8333
SESL,SE Sea Lion Rookery,SB,Santa Barbara Island,Rock,2016,Inside,88.1667
SESL,SE Sea Lion Rookery,SB,Santa Barbara Island,Rock,2017,Inside,88
SESL,SE Sea Lion Rookery,SB,Santa Barbara Island,Rock,2018,Inside,91.1667
SESL,SE Sea Lion Rookery,SB,Santa Barbara Island,Rock,2019,Inside,79.8333
SESL,SE Sea Lion Rookery,SB,Santa Barbara Island,Sand,2005,Inside,11.8333
SESL,SE Sea Lion Rookery,SB,Santa Barbara Island,Sand,2006,Inside,14.3333
SESL,SE Sea Lion Rookery,SB,Santa Barbara Island,Sand,2007,Inside,6.8333
SESL,SE Sea Lion Rookery,SB,Santa Barbara Island,Sand,2008,Inside,5.6667
SESL,SE Sea Lion Rookery,SB,Santa Barbara Island,Sand,2009,Inside,6.5
SESL,SE Sea Lion Rookery,SB,Santa Barbara Island,Sand,2010,Inside,9
SESL,SE Sea Lion Rookery,SB,Santa Barbara Island,Sand,2011,Inside,14.3333
SESL,SE Sea Lion Rookery,SB,Santa Barbara Island,Sand,2012,Inside,3.8333
SESL,SE Sea Lion Rookery,SB,Santa Barbara Island,Sand,2013,Inside,5.8333
SESL,SE Sea Lion Rookery,SB,Santa Barbara Island,Sand,2014,Inside,16.8333
SESL,SE Sea Lion Rookery,SB,Santa Barbara Island,Sand,2015,Inside,7.8333
SESL,SE Sea Lion Rookery,SB,Santa Barbara Island,Sand,2016,Inside,7.1667
SESL,SE Sea Lion Rookery,SB,Santa Barbara Island,Sand,2017,Inside,5.3333
SESL,SE Sea Lion Rookery,SB,Santa Barbara Island,Sand,2018,Inside,2.6667
SESL,SE Sea Lion Rookery,SB,Santa Barbara Island,Sand,2019,Inside,3.6667
SP,South Point,SR,Santa Rosa Island,Cobble,2005,Inside,1.6667
SP,South Point,SR,Santa Rosa Island,Cobble,2006,Inside,1.5
SP,South Point,SR,Santa Rosa Island,Cobble,2007,Inside,0.6667
SP,South Point,SR,Santa Rosa Island,Cobble,2008,Inside,1.1667
SP,South Point,SR,Santa Rosa Island,Cobble,2009,Inside,1.3333
SP,South Point,SR,Santa Rosa Island,Cobble,2010,Inside,1.6667
SP,South Point,SR,Santa Rosa Island,Cobble,2011,Inside,0
SP,South Point,SR,Santa Rosa Island,Cobble,2012,Inside,1.5
SP,South Point,SR,Santa Rosa Island,Cobble,2013,Inside,0.8333
SP,South Point,SR,Santa Rosa Island,Cobble,2014,Inside,0.5
SP,South Point,SR,Santa Rosa Island,Cobble,2015,Inside,0.3333
SP,South Point,SR,Santa Rosa Island,Cobble,2016,Inside,0.1667
SP,South Point,SR,Santa Rosa Island,Cobble,2017,Inside,1
SP,South Point,SR,Santa Rosa Island,Cobble,2018,Inside,0.6667
SP,South Point,SR,Santa Rosa Island,Cobble,2019,Inside,0
SP,South Point,SR,Santa Rosa Island,Rock,2005,Inside,91.8333
SP,South Point,SR,Santa Rosa Island,Rock,2006,Inside,90.5
SP,South Point,SR,Santa Rosa Island,Rock,2007,Inside,78.6667
SP,South Point,SR,Santa Rosa Island,Rock,2008,Inside,94.8333
SP,South Point,SR,Santa Rosa Island,Rock,2009,Inside,89.8333
SP,South Point,SR,Santa Rosa Island,Rock,2010,Inside,89.1667
SP,South Point,SR,Santa Rosa Island,Rock,2011,Inside,91.5
SP,South Point,SR,Santa Rosa Island,Rock,2012,Inside,78.5
SP,South Point,SR,Santa Rosa Island,Rock,2013,Inside,85.8333
SP,South Point,SR,Santa Rosa Island,Rock,2014,Inside,95.6667
SP,South Point,SR,Santa Rosa Island,Rock,2015,Inside,78.1667
SP,South Point,SR,Santa Rosa Island,Rock,2016,Inside,73
SP,South Point,SR,Santa Rosa Island,Rock,2017,Inside,50.8333
SP,South Point,SR,Santa Rosa Island,Rock,2018,Inside,67.1667
SP,South Point,SR,Santa Rosa Island,Rock,2019,Inside,70.8333
SP,South Point,SR,Santa Rosa Island,Sand,2005,Inside,6.5
SP,South Point,SR,Santa Rosa Island,Sand,2006,Inside,8
SP,South Point,SR,Santa Rosa Island,Sand,2007,Inside,20.6667
SP,South Point,SR,Santa Rosa Island,Sand,2008,Inside,4
SP,South Point,SR,Santa Rosa Island,Sand,2009,Inside,8.8333
SP,South Point,SR,Santa Rosa Island,Sand,2010,Inside,9.1667
SP,South Point,SR,Santa Rosa Island,Sand,2011,Inside,8.5
SP,South Point,SR,Santa Rosa Island,Sand,2012,Inside,20
SP,South Point,SR,Santa Rosa Island,Sand,2013,Inside,13.3333
SP,South Point,SR,Santa Rosa Island,Sand,2014,Inside,3.8333
SP,South Point,SR,Santa Rosa Island,Sand,2015,Inside,21.5
SP,South Point,SR,Santa Rosa Island,Sand,2016,Inside,26.8333
SP,South Point,SR,Santa Rosa Island,Sand,2017,Inside,48.1667
SP,South Point,SR,Santa Rosa Island,Sand,2018,Inside,32.1667
SP,South Point,SR,Santa Rosa Island,Sand,2019,Inside,29.1667
TC,Trancion Canyon,SR,Santa Rosa Island,Cobble,2005,Inside,0.1667
TC,Trancion Canyon,SR,Santa Rosa Island,Cobble,2006,Inside,0.5
TC,Trancion Canyon,SR,Santa Rosa Island,Cobble,2007,Inside,0.6667
TC,Trancion Canyon,SR,Santa Rosa Island,Cobble,2008,Inside,0.1667
TC,Trancion Canyon,SR,Santa Rosa Island,Cobble,2009,Inside,1.1667
TC,Trancion Canyon,SR,Santa Rosa Island,Cobble,2010,Inside,6
TC,Trancion Canyon,SR,Santa Rosa Island,Cobble,2011,Inside,6.8333
TC,Trancion Canyon,SR,Santa Rosa Island,Cobble,2012,Inside,4.5
TC,Trancion Canyon,SR,Santa Rosa Island,Cobble,2013,Inside,1.6667
TC,Trancion Canyon,SR,Santa Rosa Island,Cobble,2014,Inside,6.1667
TC,Trancion Canyon,SR,Santa Rosa Island,Cobble,2015,Inside,0.5
TC,Trancion Canyon,SR,Santa Rosa Island,Cobble,2016,Inside,0.8333
TC,Trancion Canyon,SR,Santa Rosa Island,Cobble,2017,Inside,1.8333
TC,Trancion Canyon,SR,Santa Rosa Island,Cobble,2018,Inside,0.8333
TC,Trancion Canyon,SR,Santa Rosa Island,Cobble,2019,Inside,1
TC,Trancion Canyon,SR,Santa Rosa Island,Rock,2005,Inside,72.8333
TC,Trancion Canyon,SR,Santa Rosa Island,Rock,2006,Inside,80.6667
TC,Trancion Canyon,SR,Santa Rosa Island,Rock,2007,Inside,78.3333
TC,Trancion Canyon,SR,Santa Rosa Island,Rock,2008,Inside,92.5
TC,Trancion Canyon,SR,Santa Rosa Island,Rock,2009,Inside,91
TC,Trancion Canyon,SR,Santa Rosa Island,Rock,2010,Inside,77.3333
TC,Trancion Canyon,SR,Santa Rosa Island,Rock,2011,Inside,76.1667
TC,Trancion Canyon,SR,Santa Rosa Island,Rock,2012,Inside,90.6667
TC,Trancion Canyon,SR,Santa Rosa Island,Rock,2013,Inside,89.3333
TC,Trancion Canyon,SR,Santa Rosa Island,Rock,2014,Inside,88.1667
TC,Trancion Canyon,SR,Santa Rosa Island,Rock,2015,Inside,86.6667
TC,Trancion Canyon,SR,Santa Rosa Island,Rock,2016,Inside,94.1667
TC,Trancion Canyon,SR,Santa Rosa Island,Rock,2017,Inside,89
TC,Trancion Canyon,SR,Santa Rosa Island,Rock,2018,Inside,88.6667
TC,Trancion Canyon,SR,Santa Rosa Island,Rock,2019,Inside,91.3333
TC,Trancion Canyon,SR,Santa Rosa Island,Sand,2005,Inside,27
TC,Trancion Canyon,SR,Santa Rosa Island,Sand,2006,Inside,18.8333
TC,Trancion Canyon,SR,Santa Rosa Island,Sand,2007,Inside,21
TC,Trancion Canyon,SR,Santa Rosa Island,Sand,2008,Inside,7.3333
TC,Trancion Canyon,SR,Santa Rosa Island,Sand,2009,Inside,7.8333
TC,Trancion Canyon,SR,Santa Rosa Island,Sand,2010,Inside,16.6667
TC,Trancion Canyon,SR,Santa Rosa Island,Sand,2011,Inside,17
TC,Trancion Canyon,SR,Santa Rosa Island,Sand,2012,Inside,4.8333
TC,Trancion Canyon,SR,Santa Rosa Island,Sand,2013,Inside,9
TC,Trancion Canyon,SR,Santa Rosa Island,Sand,2014,Inside,5.6667
TC,Trancion Canyon,SR,Santa Rosa Island,Sand,2015,Inside,12.8333
TC,Trancion Canyon,SR,Santa Rosa Island,Sand,2016,Inside,5
TC,Trancion Canyon,SR,Santa Rosa Island,Sand,2017,Inside,9.1667
TC,Trancion Canyon,SR,Santa Rosa Island,Sand,2018,Inside,10.5
TC,Trancion Canyon,SR,Santa Rosa Island,Sand,2019,Inside,7.6667
WA,Webster's Arch,SB,Santa Barbara Island,Cobble,2005,Outside,9.3333
WA,Webster's Arch,SB,Santa Barbara Island,Cobble,2006,Outside,10.5
WA,Webster's Arch,SB,Santa Barbara Island,Cobble,2007,Outside,2.3333
WA,Webster's Arch,SB,Santa Barbara Island,Cobble,2008,Outside,3.6667
WA,Webster's Arch,SB,Santa Barbara Island,Cobble,2009,Outside,1.3333
WA,Webster's Arch,SB,Santa Barbara Island,Cobble,2010,Outside,2.3333
WA,Webster's Arch,SB,Santa Barbara Island,Cobble,2011,Outside,3
WA,Webster's Arch,SB,Santa Barbara Island,Cobble,2012,Outside,2.3333
WA,Webster's Arch,SB,Santa Barbara Island,Cobble,2013,Outside,3.5
WA,Webster's Arch,SB,Santa Barbara Island,Cobble,2014,Outside,1.6667
WA,Webster's Arch,SB,Santa Barbara Island,Cobble,2015,Outside,4.8333
WA,Webster's Arch,SB,Santa Barbara Island,Cobble,2016,Outside,7.1667
WA,Webster's Arch,SB,Santa Barbara Island,Cobble,2017,Outside,0.8333
WA,Webster's Arch,SB,Santa Barbara Island,Cobble,2018,Outside,2.5
WA,Webster's Arch,SB,Santa Barbara Island,Cobble,2019,Outside,4.6667
WA,Webster's Arch,SB,Santa Barbara Island,Rock,2005,Outside,88.8333
WA,Webster's Arch,SB,Santa Barbara Island,Rock,2006,Outside,89
WA,Webster's Arch,SB,Santa Barbara Island,Rock,2007,Outside,97.5
WA,Webster's Arch,SB,Santa Barbara Island,Rock,2008,Outside,96
WA,Webster's Arch,SB,Santa Barbara Island,Rock,2009,Outside,98.5
WA,Webster's Arch,SB,Santa Barbara Island,Rock,2010,Outside,97.6667
WA,Webster's Arch,SB,Santa Barbara Island,Rock,2011,Outside,97
WA,Webster's Arch,SB,Santa Barbara Island,Rock,2012,Outside,97.6667
WA,Webster's Arch,SB,Santa Barbara Island,Rock,2013,Outside,96.5
WA,Webster's Arch,SB,Santa Barbara Island,Rock,2014,Outside,98.1667
WA,Webster's Arch,SB,Santa Barbara Island,Rock,2015,Outside,94.3333
WA,Webster's Arch,SB,Santa Barbara Island,Rock,2016,Outside,92.8333
WA,Webster's Arch,SB,Santa Barbara Island,Rock,2017,Outside,99.1667
WA,Webster's Arch,SB,Santa Barbara Island,Rock,2018,Outside,97.5
WA,Webster's Arch,SB,Santa Barbara Island,Rock,2019,Outside,95
WA,Webster's Arch,SB,Santa Barbara Island,Sand,2005,Outside,1.8333
WA,Webster's Arch,SB,Santa Barbara Island,Sand,2006,Outside,0.5
WA,Webster's Arch,SB,Santa Barbara Island,Sand,2007,Outside,0.1667
WA,Webster's Arch,SB,Santa Barbara Island,Sand,2008,Outside,0.3333
WA,Webster's Arch,SB,Santa Barbara Island,Sand,2009,Outside,0.1667
WA,Webster's Arch,SB,Santa Barbara Island,Sand,2010,Outside,0
WA,Webster's Arch,SB,Santa Barbara Island,Sand,2011,Outside,0
WA,Webster's Arch,SB,Santa Barbara Island,Sand,2012,Outside,0
WA,Webster's Arch,SB,Santa Barbara Island,Sand,2013,Outside,0
WA,Webster's Arch,SB,Santa Barbara Island,Sand,2014,Outside,0.1667
WA,Webster's Arch,SB,Santa Barbara Island,Sand,2015,Outside,0.8333
WA,Webster's Arch,SB,Santa Barbara Island,Sand,2016,Outside,0
WA,Webster's Arch,SB,Santa Barbara Island,Sand,2017,Outside,0
WA,Webster's Arch,SB,Santa Barbara Island,Sand,2018,Outside,0
WA,Webster's Arch,SB,Santa Barbara Island,Sand,2019,Outside,0.3333
